# Running rag benchmark

/// Indexing contexts for RAG...
... Indexed context 'sigcomm24-crux': {'status': 'success', 'message': "Context 'sigcomm24-crux' indexed."}
... Indexed context 'extra-oss-monitoring': {'status': 'success', 'message': "Context 'extra-oss-monitoring' indexed."}
... Indexed context 'extra-music': {'status': 'success', 'message': "Context 'extra-music' indexed."}
... Indexed context 'nsdi22-paper-reda_1': {'status': 'success', 'message': "Context 'nsdi22-paper-reda_1' indexed."}
... Indexed context 'osdi24-sun-biao': {'status': 'success', 'message': "Context 'osdi24-sun-biao' indexed."}
... Indexed context 'extra-biology': {'status': 'success', 'message': "Context 'extra-biology' indexed."}
... Indexed context 'extra-compound-mape': {'status': 'success', 'message': "Context 'extra-compound-mape' indexed."}
... Indexed context 'ServerlessLLM_summary': {'status': 'success', 'message': "Context 'ServerlessLLM_summary' indexed."}
... Indexed context 'aplomb-sigcomm12': {'status': 'success', 'message': "Context 'aplomb-sigcomm12' indexed."}
... Indexed context 'vllm': {'status': 'success', 'message': "Context 'vllm' indexed."}
... Indexed context 'cacheblend': {'status': 'success', 'message': "Context 'cacheblend' indexed."}
... Indexed context 'extra-leonardo': {'status': 'success', 'message': "Context 'extra-leonardo' indexed."}
... Indexed context 'click': {'status': 'success', 'message': "Context 'click' indexed."}
... Indexed context 'osdi24-agrawal': {'status': 'success', 'message': "Context 'osdi24-agrawal' indexed."}
... Indexed context 'metron-nsdi18': {'status': 'success', 'message': "Context 'metron-nsdi18' indexed."}
... Indexed context 'osdi24-lee': {'status': 'success', 'message': "Context 'osdi24-lee' indexed."}
... Indexed context 'sigcomm2023_janus': {'status': 'success', 'message': "Context 'sigcomm2023_janus' indexed."}
... Indexed context 'extra-distributed-monitoring': {'status': 'success', 'message': "Context 'extra-distributed-monitoring' indexed."}
... Indexed context 'nsdi20-paper-barbette': {'status': 'success', 'message': "Context 'nsdi20-paper-barbette' indexed."}
... Indexed context 'extra-estimate-performance': {'status': 'success', 'message': "Context 'extra-estimate-performance' indexed."}
... Indexed context 'SplitRPC-sigmetrics23': {'status': 'success', 'message': "Context 'SplitRPC-sigmetrics23' indexed."}
... Indexed context 'extra-finance': {'status': 'success', 'message': "Context 'extra-finance' indexed."}

(📝 Indexing delay: 0.26 seconds


/// Searching contexts for RAG...
... Found context 'sigcomm24-crux': {'status': 'success', 'rag_context_key': 'sigcomm24-crux', 'rag_latency': 0.004193048924207687, 'rag_encode_latency': 0.003943142481148243, 'rag_search_latency': 0.00024990644305944443}
... Found context 'sigcomm24-crux': {'status': 'success', 'rag_context_key': 'sigcomm24-crux', 'rag_latency': 0.004081990569829941, 'rag_encode_latency': 0.0038829129189252853, 'rag_search_latency': 0.00019907765090465546}
... Found context 'sigcomm24-crux': {'status': 'success', 'rag_context_key': 'sigcomm24-crux', 'rag_latency': 0.004770367406308651, 'rag_encode_latency': 0.004560867324471474, 'rag_search_latency': 0.00020950008183717728}
... Found context 'sigcomm24-crux': {'status': 'success', 'rag_context_key': 'sigcomm24-crux', 'rag_latency': 0.011601362377405167, 'rag_encode_latency': 0.011126278899610043, 'rag_search_latency': 0.00047508347779512405}
... Found context 'sigcomm24-crux': {'status': 'success', 'rag_context_key': 'sigcomm24-crux', 'rag_latency': 0.009921878576278687, 'rag_encode_latency': 0.00949482899159193, 'rag_search_latency': 0.00042704958468675613}
... Found context 'sigcomm24-crux': {'status': 'success', 'rag_context_key': 'sigcomm24-crux', 'rag_latency': 0.007573212496936321, 'rag_encode_latency': 0.007288522087037563, 'rag_search_latency': 0.00028469040989875793}
... Found context 'sigcomm24-crux': {'status': 'success', 'rag_context_key': 'sigcomm24-crux', 'rag_latency': 0.006629063747823238, 'rag_encode_latency': 0.006356186233460903, 'rag_search_latency': 0.0002728775143623352}
... Found context 'sigcomm24-crux': {'status': 'success', 'rag_context_key': 'sigcomm24-crux', 'rag_latency': 0.006503976881504059, 'rag_encode_latency': 0.0062317270785570145, 'rag_search_latency': 0.00027224980294704437}
... Found context 'sigcomm24-crux': {'status': 'success', 'rag_context_key': 'sigcomm24-crux', 'rag_latency': 0.006761124357581139, 'rag_encode_latency': 0.006485186517238617, 'rag_search_latency': 0.00027593784034252167}
... Found context 'sigcomm24-crux': {'status': 'success', 'rag_context_key': 'sigcomm24-crux', 'rag_latency': 0.0064760129898786545, 'rag_encode_latency': 0.00621392484754324, 'rag_search_latency': 0.0002620881423354149}
... Found context 'sigcomm24-crux': {'status': 'success', 'rag_context_key': 'sigcomm24-crux', 'rag_latency': 0.006386985071003437, 'rag_encode_latency': 0.006123947910964489, 'rag_search_latency': 0.00026303716003894806}
... Found context 'sigcomm24-crux': {'status': 'success', 'rag_context_key': 'sigcomm24-crux', 'rag_latency': 0.006600147113204002, 'rag_encode_latency': 0.006336110644042492, 'rag_search_latency': 0.00026403646916151047}
... Found context 'sigcomm24-crux': {'status': 'success', 'rag_context_key': 'cacheblend', 'rag_latency': 0.006530642509460449, 'rag_encode_latency': 0.006274217739701271, 'rag_search_latency': 0.00025642476975917816}
... Found context 'sigcomm24-crux': {'status': 'success', 'rag_context_key': 'sigcomm24-crux', 'rag_latency': 0.006449667736887932, 'rag_encode_latency': 0.006188279949128628, 'rag_search_latency': 0.00026138778775930405}
... Found context 'sigcomm24-crux': {'status': 'success', 'rag_context_key': 'sigcomm24-crux', 'rag_latency': 0.006470473483204842, 'rag_encode_latency': 0.006211817264556885, 'rag_search_latency': 0.00025865621864795685}
... Found context 'sigcomm24-crux': {'status': 'success', 'rag_context_key': 'sigcomm24-crux', 'rag_latency': 0.006380777806043625, 'rag_encode_latency': 0.0061320653185248375, 'rag_search_latency': 0.0002487124875187874}
... Found context 'sigcomm24-crux': {'status': 'success', 'rag_context_key': 'sigcomm24-crux', 'rag_latency': 0.006950085982680321, 'rag_encode_latency': 0.00671160314232111, 'rag_search_latency': 0.00023848284035921097}
... Found context 'sigcomm24-crux': {'status': 'success', 'rag_context_key': 'aplomb-sigcomm12', 'rag_latency': 0.010422324761748314, 'rag_encode_latency': 0.010059460997581482, 'rag_search_latency': 0.00036286376416683197}
... Found context 'sigcomm24-crux': {'status': 'success', 'rag_context_key': 'sigcomm24-crux', 'rag_latency': 0.008660874329507351, 'rag_encode_latency': 0.008310562931001186, 'rag_search_latency': 0.00035031139850616455}
... Found context 'sigcomm24-crux': {'status': 'success', 'rag_context_key': 'cacheblend', 'rag_latency': 0.008708609268069267, 'rag_encode_latency': 0.008346891961991787, 'rag_search_latency': 0.0003617173060774803}
... Found context 'extra-oss-monitoring': {'status': 'success', 'rag_context_key': 'extra-estimate-performance', 'rag_latency': 0.009461413137614727, 'rag_encode_latency': 0.009096906520426273, 'rag_search_latency': 0.0003645066171884537}
... Found context 'extra-oss-monitoring': {'status': 'success', 'rag_context_key': 'extra-oss-monitoring', 'rag_latency': 0.00845385529100895, 'rag_encode_latency': 0.008106847293674946, 'rag_search_latency': 0.00034700799733400345}
... Found context 'extra-oss-monitoring': {'status': 'success', 'rag_context_key': 'extra-oss-monitoring', 'rag_latency': 0.008731285110116005, 'rag_encode_latency': 0.008368436247110367, 'rag_search_latency': 0.0003628488630056381}
... Found context 'extra-oss-monitoring': {'status': 'success', 'rag_context_key': 'extra-oss-monitoring', 'rag_latency': 0.009466125629842281, 'rag_encode_latency': 0.00910913199186325, 'rag_search_latency': 0.0003569936379790306}
... Found context 'extra-oss-monitoring': {'status': 'success', 'rag_context_key': 'cacheblend', 'rag_latency': 0.008452794514596462, 'rag_encode_latency': 0.008107926696538925, 'rag_search_latency': 0.0003448678180575371}
... Found context 'extra-oss-monitoring': {'status': 'success', 'rag_context_key': 'extra-oss-monitoring', 'rag_latency': 0.00880386307835579, 'rag_encode_latency': 0.008433414623141289, 'rag_search_latency': 0.00037044845521450043}
... Found context 'extra-oss-monitoring': {'status': 'success', 'rag_context_key': 'extra-estimate-performance', 'rag_latency': 0.0066589489579200745, 'rag_encode_latency': 0.006397441029548645, 'rag_search_latency': 0.00026150792837142944}
... Found context 'extra-oss-monitoring': {'status': 'success', 'rag_context_key': 'extra-oss-monitoring', 'rag_latency': 0.00614355131983757, 'rag_encode_latency': 0.005907413549721241, 'rag_search_latency': 0.0002361377701163292}
... Found context 'extra-oss-monitoring': {'status': 'success', 'rag_context_key': 'extra-oss-monitoring', 'rag_latency': 0.005985017865896225, 'rag_encode_latency': 0.005755122750997543, 'rag_search_latency': 0.00022989511489868164}
... Found context 'extra-oss-monitoring': {'status': 'success', 'rag_context_key': 'extra-oss-monitoring', 'rag_latency': 0.005976065993309021, 'rag_encode_latency': 0.005748892202973366, 'rag_search_latency': 0.0002271737903356552}
... Found context 'extra-oss-monitoring': {'status': 'success', 'rag_context_key': 'cacheblend', 'rag_latency': 0.006142710335552692, 'rag_encode_latency': 0.005878766067326069, 'rag_search_latency': 0.00026394426822662354}
... Found context 'extra-oss-monitoring': {'status': 'success', 'rag_context_key': 'extra-oss-monitoring', 'rag_latency': 0.006562087684869766, 'rag_encode_latency': 0.006291389465332031, 'rag_search_latency': 0.000270698219537735}
... Found context 'extra-oss-monitoring': {'status': 'success', 'rag_context_key': 'extra-oss-monitoring', 'rag_latency': 0.006885288283228874, 'rag_encode_latency': 0.006624005734920502, 'rag_search_latency': 0.0002612825483083725}
... Found context 'extra-oss-monitoring': {'status': 'success', 'rag_context_key': 'extra-distributed-monitoring', 'rag_latency': 0.006526311859488487, 'rag_encode_latency': 0.006268412806093693, 'rag_search_latency': 0.00025789905339479446}
... Found context 'extra-oss-monitoring': {'status': 'success', 'rag_context_key': 'SplitRPC-sigmetrics23', 'rag_latency': 0.007021177560091019, 'rag_encode_latency': 0.0067411912605166435, 'rag_search_latency': 0.00027998629957437515}
... Found context 'extra-oss-monitoring': {'status': 'success', 'rag_context_key': 'vllm', 'rag_latency': 0.0076577262952923775, 'rag_encode_latency': 0.007340253330767155, 'rag_search_latency': 0.0003174729645252228}
... Found context 'extra-oss-monitoring': {'status': 'success', 'rag_context_key': 'extra-oss-monitoring', 'rag_latency': 0.009951767511665821, 'rag_encode_latency': 0.009607399813830853, 'rag_search_latency': 0.00034436769783496857}
... Found context 'extra-oss-monitoring': {'status': 'success', 'rag_context_key': 'extra-oss-monitoring', 'rag_latency': 0.008342656306922436, 'rag_encode_latency': 0.007995294407010078, 'rag_search_latency': 0.00034736189991235733}
... Found context 'extra-oss-monitoring': {'status': 'success', 'rag_context_key': 'extra-distributed-monitoring', 'rag_latency': 0.008783476427197456, 'rag_encode_latency': 0.008420268073678017, 'rag_search_latency': 0.0003632083535194397}
... Found context 'extra-oss-monitoring': {'status': 'success', 'rag_context_key': 'extra-oss-monitoring', 'rag_latency': 0.00943637453019619, 'rag_encode_latency': 0.009090429171919823, 'rag_search_latency': 0.0003459453582763672}
... Found context 'extra-music': {'status': 'success', 'rag_context_key': 'cacheblend', 'rag_latency': 0.008182221092283726, 'rag_encode_latency': 0.00783622544258833, 'rag_search_latency': 0.0003459956496953964}
... Found context 'extra-music': {'status': 'success', 'rag_context_key': 'extra-music', 'rag_latency': 0.008173421956598759, 'rag_encode_latency': 0.007830331102013588, 'rag_search_latency': 0.00034309085458517075}
... Found context 'extra-music': {'status': 'success', 'rag_context_key': 'extra-music', 'rag_latency': 0.010030677542090416, 'rag_encode_latency': 0.009681390598416328, 'rag_search_latency': 0.0003492869436740875}
... Found context 'extra-music': {'status': 'success', 'rag_context_key': 'extra-music', 'rag_latency': 0.008416812866926193, 'rag_encode_latency': 0.008073277771472931, 'rag_search_latency': 0.00034353509545326233}
... Found context 'extra-music': {'status': 'success', 'rag_context_key': 'extra-music', 'rag_latency': 0.008425879292190075, 'rag_encode_latency': 0.00808078795671463, 'rag_search_latency': 0.0003450913354754448}
... Found context 'extra-music': {'status': 'success', 'rag_context_key': 'extra-music', 'rag_latency': 0.009742901660501957, 'rag_encode_latency': 0.009395680390298367, 'rag_search_latency': 0.0003472212702035904}
... Found context 'extra-music': {'status': 'success', 'rag_context_key': 'extra-music', 'rag_latency': 0.008429527282714844, 'rag_encode_latency': 0.008081469684839249, 'rag_search_latency': 0.0003480575978755951}
... Found context 'extra-music': {'status': 'success', 'rag_context_key': 'extra-music', 'rag_latency': 0.008361764252185822, 'rag_encode_latency': 0.00801413506269455, 'rag_search_latency': 0.00034762918949127197}
... Found context 'extra-music': {'status': 'success', 'rag_context_key': 'extra-music', 'rag_latency': 0.01052167359739542, 'rag_encode_latency': 0.010173643007874489, 'rag_search_latency': 0.00034803058952093124}
... Found context 'extra-music': {'status': 'success', 'rag_context_key': 'extra-music', 'rag_latency': 0.00817319005727768, 'rag_encode_latency': 0.00782938301563263, 'rag_search_latency': 0.00034380704164505005}
... Found context 'extra-music': {'status': 'success', 'rag_context_key': 'extra-music', 'rag_latency': 0.008426938205957413, 'rag_encode_latency': 0.008080263622105122, 'rag_search_latency': 0.0003466745838522911}
... Found context 'extra-music': {'status': 'success', 'rag_context_key': 'extra-music', 'rag_latency': 0.009819925762712955, 'rag_encode_latency': 0.00947064533829689, 'rag_search_latency': 0.0003492804244160652}
... Found context 'extra-music': {'status': 'success', 'rag_context_key': 'extra-music', 'rag_latency': 0.008443357422947884, 'rag_encode_latency': 0.00809548795223236, 'rag_search_latency': 0.00034786947071552277}
... Found context 'extra-music': {'status': 'success', 'rag_context_key': 'extra-leonardo', 'rag_latency': 0.00842828769236803, 'rag_encode_latency': 0.008079420775175095, 'rag_search_latency': 0.00034886691719293594}
... Found context 'extra-music': {'status': 'success', 'rag_context_key': 'extra-music', 'rag_latency': 0.010411633178591728, 'rag_encode_latency': 0.010065197944641113, 'rag_search_latency': 0.00034643523395061493}
... Found context 'extra-music': {'status': 'success', 'rag_context_key': 'extra-music', 'rag_latency': 0.00819650012999773, 'rag_encode_latency': 0.007852563634514809, 'rag_search_latency': 0.0003439364954829216}
... Found context 'extra-music': {'status': 'success', 'rag_context_key': 'extra-music', 'rag_latency': 0.008439804427325726, 'rag_encode_latency': 0.008092750795185566, 'rag_search_latency': 0.0003470536321401596}
... Found context 'extra-music': {'status': 'success', 'rag_context_key': 'extra-music', 'rag_latency': 0.007484094239771366, 'rag_encode_latency': 0.007176599465310574, 'rag_search_latency': 0.00030749477446079254}
... Found context 'extra-music': {'status': 'success', 'rag_context_key': 'extra-music', 'rag_latency': 0.006116876378655434, 'rag_encode_latency': 0.005881253629922867, 'rag_search_latency': 0.00023562274873256683}
... Found context 'extra-music': {'status': 'success', 'rag_context_key': 'extra-music', 'rag_latency': 0.0059780823066830635, 'rag_encode_latency': 0.005748025141656399, 'rag_search_latency': 0.00023005716502666473}
... Found context 'nsdi22-paper-reda_1': {'status': 'success', 'rag_context_key': 'nsdi22-paper-reda_1', 'rag_latency': 0.005792390555143356, 'rag_encode_latency': 0.005564841441810131, 'rag_search_latency': 0.00022754911333322525}
... Found context 'nsdi22-paper-reda_1': {'status': 'success', 'rag_context_key': 'nsdi22-paper-reda_1', 'rag_latency': 0.00614258274435997, 'rag_encode_latency': 0.0059082647785544395, 'rag_search_latency': 0.00023431796580553055}
... Found context 'nsdi22-paper-reda_1': {'status': 'success', 'rag_context_key': 'nsdi22-paper-reda_1', 'rag_latency': 0.010621203109622002, 'rag_encode_latency': 0.010281682014465332, 'rag_search_latency': 0.0003395210951566696}
... Found context 'nsdi22-paper-reda_1': {'status': 'success', 'rag_context_key': 'nsdi22-paper-reda_1', 'rag_latency': 0.0067215776070952415, 'rag_encode_latency': 0.006478862836956978, 'rag_search_latency': 0.0002427147701382637}
... Found context 'nsdi22-paper-reda_1': {'status': 'success', 'rag_context_key': 'nsdi22-paper-reda_1', 'rag_latency': 0.006005872972309589, 'rag_encode_latency': 0.005766693502664566, 'rag_search_latency': 0.00023917946964502335}
... Found context 'nsdi22-paper-reda_1': {'status': 'success', 'rag_context_key': 'extra-compound-mape', 'rag_latency': 0.011653263121843338, 'rag_encode_latency': 0.011265261098742485, 'rag_search_latency': 0.00038800202310085297}
... Found context 'nsdi22-paper-reda_1': {'status': 'success', 'rag_context_key': 'nsdi22-paper-reda_1', 'rag_latency': 0.00881294347345829, 'rag_encode_latency': 0.008451233617961407, 'rag_search_latency': 0.0003617098554968834}
... Found context 'nsdi22-paper-reda_1': {'status': 'success', 'rag_context_key': 'nsdi22-paper-reda_1', 'rag_latency': 0.00824690144509077, 'rag_encode_latency': 0.0078890984877944, 'rag_search_latency': 0.00035780295729637146}
... Found context 'nsdi22-paper-reda_1': {'status': 'success', 'rag_context_key': 'nsdi22-paper-reda_1', 'rag_latency': 0.009544935077428818, 'rag_encode_latency': 0.009211478754878044, 'rag_search_latency': 0.0003334563225507736}
... Found context 'nsdi22-paper-reda_1': {'status': 'success', 'rag_context_key': 'nsdi22-paper-reda_1', 'rag_latency': 0.008087577298283577, 'rag_encode_latency': 0.007750006392598152, 'rag_search_latency': 0.0003375709056854248}
... Found context 'nsdi22-paper-reda_1': {'status': 'success', 'rag_context_key': 'nsdi22-paper-reda_1', 'rag_latency': 0.00804165843874216, 'rag_encode_latency': 0.007708004675805569, 'rag_search_latency': 0.0003336537629365921}
... Found context 'nsdi22-paper-reda_1': {'status': 'success', 'rag_context_key': 'nsdi22-paper-reda_1', 'rag_latency': 0.010612581856548786, 'rag_encode_latency': 0.010266048833727837, 'rag_search_latency': 0.00034653302282094955}
... Found context 'nsdi22-paper-reda_1': {'status': 'success', 'rag_context_key': 'SplitRPC-sigmetrics23', 'rag_latency': 0.008270693011581898, 'rag_encode_latency': 0.007938453927636147, 'rag_search_latency': 0.0003322390839457512}
... Found context 'nsdi22-paper-reda_1': {'status': 'success', 'rag_context_key': 'SplitRPC-sigmetrics23', 'rag_latency': 0.0077880797907710075, 'rag_encode_latency': 0.007468397729098797, 'rag_search_latency': 0.0003196820616722107}
... Found context 'nsdi22-paper-reda_1': {'status': 'success', 'rag_context_key': 'metron-nsdi18', 'rag_latency': 0.01101369597017765, 'rag_encode_latency': 0.010663189925253391, 'rag_search_latency': 0.0003505060449242592}
... Found context 'nsdi22-paper-reda_1': {'status': 'success', 'rag_context_key': 'nsdi22-paper-reda_1', 'rag_latency': 0.008195935748517513, 'rag_encode_latency': 0.00786379724740982, 'rag_search_latency': 0.0003321385011076927}
... Found context 'nsdi22-paper-reda_1': {'status': 'success', 'rag_context_key': 'nsdi22-paper-reda_1', 'rag_latency': 0.007637816481292248, 'rag_encode_latency': 0.007317752577364445, 'rag_search_latency': 0.00032006390392780304}
... Found context 'nsdi22-paper-reda_1': {'status': 'success', 'rag_context_key': 'aplomb-sigcomm12', 'rag_latency': 0.007687618024647236, 'rag_encode_latency': 0.00737010408192873, 'rag_search_latency': 0.00031751394271850586}
... Found context 'nsdi22-paper-reda_1': {'status': 'success', 'rag_context_key': 'nsdi22-paper-reda_1', 'rag_latency': 0.006305578164756298, 'rag_encode_latency': 0.006063314154744148, 'rag_search_latency': 0.0002422640100121498}
... Found context 'nsdi22-paper-reda_1': {'status': 'success', 'rag_context_key': 'nsdi22-paper-reda_1', 'rag_latency': 0.011382263153791428, 'rag_encode_latency': 0.010949463583528996, 'rag_search_latency': 0.0004327995702624321}
... Found context 'osdi24-sun-biao': {'status': 'success', 'rag_context_key': 'osdi24-sun-biao', 'rag_latency': 0.010225736536085606, 'rag_encode_latency': 0.009799502789974213, 'rag_search_latency': 0.000426233746111393}
... Found context 'osdi24-sun-biao': {'status': 'success', 'rag_context_key': 'osdi24-sun-biao', 'rag_latency': 0.0072084031999111176, 'rag_encode_latency': 0.006933024153113365, 'rag_search_latency': 0.0002753790467977524}
... Found context 'osdi24-sun-biao': {'status': 'success', 'rag_context_key': 'osdi24-sun-biao', 'rag_latency': 0.007008655928075314, 'rag_encode_latency': 0.006698676384985447, 'rag_search_latency': 0.00030997954308986664}
... Found context 'osdi24-sun-biao': {'status': 'success', 'rag_context_key': 'osdi24-sun-biao', 'rag_latency': 0.00726807676255703, 'rag_encode_latency': 0.006966825574636459, 'rag_search_latency': 0.0003012511879205704}
... Found context 'osdi24-sun-biao': {'status': 'success', 'rag_context_key': 'osdi24-sun-biao', 'rag_latency': 0.007074546068906784, 'rag_encode_latency': 0.00679634977132082, 'rag_search_latency': 0.0002781962975859642}
... Found context 'osdi24-sun-biao': {'status': 'success', 'rag_context_key': 'osdi24-sun-biao', 'rag_latency': 0.006884686648845673, 'rag_encode_latency': 0.006606978364288807, 'rag_search_latency': 0.0002777082845568657}
... Found context 'osdi24-sun-biao': {'status': 'success', 'rag_context_key': 'vllm', 'rag_latency': 0.006705938838422298, 'rag_encode_latency': 0.006412274204194546, 'rag_search_latency': 0.0002936646342277527}
... Found context 'osdi24-sun-biao': {'status': 'success', 'rag_context_key': 'osdi24-sun-biao', 'rag_latency': 0.010084310546517372, 'rag_encode_latency': 0.009730967693030834, 'rag_search_latency': 0.00035334285348653793}
... Found context 'osdi24-sun-biao': {'status': 'success', 'rag_context_key': 'osdi24-sun-biao', 'rag_latency': 0.00815402902662754, 'rag_encode_latency': 0.007808265276253223, 'rag_search_latency': 0.00034576375037431717}
... Found context 'osdi24-sun-biao': {'status': 'success', 'rag_context_key': 'metron-nsdi18', 'rag_latency': 0.00776295643299818, 'rag_encode_latency': 0.0074182357639074326, 'rag_search_latency': 0.00034472066909074783}
... Found context 'osdi24-sun-biao': {'status': 'success', 'rag_context_key': 'SplitRPC-sigmetrics23', 'rag_latency': 0.007774552330374718, 'rag_encode_latency': 0.007429406978189945, 'rag_search_latency': 0.0003451453521847725}
... Found context 'osdi24-sun-biao': {'status': 'success', 'rag_context_key': 'osdi24-sun-biao', 'rag_latency': 0.00975746288895607, 'rag_encode_latency': 0.009419572539627552, 'rag_search_latency': 0.0003378903493285179}
... Found context 'osdi24-sun-biao': {'status': 'success', 'rag_context_key': 'osdi24-agrawal', 'rag_latency': 0.007752416655421257, 'rag_encode_latency': 0.007424426265060902, 'rag_search_latency': 0.0003279903903603554}
... Found context 'osdi24-sun-biao': {'status': 'success', 'rag_context_key': 'osdi24-agrawal', 'rag_latency': 0.007252724841237068, 'rag_encode_latency': 0.006944132968783379, 'rag_search_latency': 0.0003085918724536896}
... Found context 'osdi24-sun-biao': {'status': 'success', 'rag_context_key': 'osdi24-sun-biao', 'rag_latency': 0.007319550961256027, 'rag_encode_latency': 0.006995353847742081, 'rag_search_latency': 0.00032419711351394653}
... Found context 'osdi24-sun-biao': {'status': 'success', 'rag_context_key': 'osdi24-sun-biao', 'rag_latency': 0.010073473677039146, 'rag_encode_latency': 0.009738440625369549, 'rag_search_latency': 0.0003350330516695976}
... Found context 'osdi24-sun-biao': {'status': 'success', 'rag_context_key': 'osdi24-sun-biao', 'rag_latency': 0.007734174840152264, 'rag_encode_latency': 0.007409825921058655, 'rag_search_latency': 0.00032434891909360886}
... Found context 'osdi24-sun-biao': {'status': 'success', 'rag_context_key': 'osdi24-sun-biao', 'rag_latency': 0.007860200479626656, 'rag_encode_latency': 0.007523610256612301, 'rag_search_latency': 0.0003365902230143547}
... Found context 'osdi24-sun-biao': {'status': 'success', 'rag_context_key': 'osdi24-sun-biao', 'rag_latency': 0.007768883369863033, 'rag_encode_latency': 0.007432062178850174, 'rag_search_latency': 0.00033682119101285934}
... Found context 'osdi24-sun-biao': {'status': 'success', 'rag_context_key': 'osdi24-sun-biao', 'rag_latency': 0.009008399210870266, 'rag_encode_latency': 0.008672804571688175, 'rag_search_latency': 0.00033559463918209076}
... Found context 'extra-biology': {'status': 'success', 'rag_context_key': 'extra-biology', 'rag_latency': 0.007669980637729168, 'rag_encode_latency': 0.0073363520205020905, 'rag_search_latency': 0.0003336286172270775}
... Found context 'extra-biology': {'status': 'success', 'rag_context_key': 'extra-biology', 'rag_latency': 0.007671946659684181, 'rag_encode_latency': 0.007350183092057705, 'rag_search_latency': 0.0003217635676264763}
... Found context 'extra-biology': {'status': 'success', 'rag_context_key': 'extra-biology', 'rag_latency': 0.007098776288330555, 'rag_encode_latency': 0.006789353676140308, 'rag_search_latency': 0.0003094226121902466}
... Found context 'extra-biology': {'status': 'success', 'rag_context_key': 'extra-biology', 'rag_latency': 0.010556260123848915, 'rag_encode_latency': 0.010204153135418892, 'rag_search_latency': 0.0003521069884300232}
... Found context 'extra-biology': {'status': 'success', 'rag_context_key': 'extra-biology', 'rag_latency': 0.008133656345307827, 'rag_encode_latency': 0.007782686501741409, 'rag_search_latency': 0.0003509698435664177}
... Found context 'extra-biology': {'status': 'success', 'rag_context_key': 'extra-biology', 'rag_latency': 0.008277641609311104, 'rag_encode_latency': 0.007924153469502926, 'rag_search_latency': 0.00035348813980817795}
... Found context 'extra-biology': {'status': 'success', 'rag_context_key': 'extra-biology', 'rag_latency': 0.012610118836164474, 'rag_encode_latency': 0.012257982976734638, 'rag_search_latency': 0.0003521358594298363}
... Found context 'extra-biology': {'status': 'success', 'rag_context_key': 'extra-biology', 'rag_latency': 0.007449646480381489, 'rag_encode_latency': 0.0071418397128582, 'rag_search_latency': 0.0003078067675232887}
... Found context 'extra-biology': {'status': 'success', 'rag_context_key': 'extra-biology', 'rag_latency': 0.0068395501002669334, 'rag_encode_latency': 0.006542679853737354, 'rag_search_latency': 0.00029687024652957916}
... Found context 'extra-biology': {'status': 'success', 'rag_context_key': 'extra-biology', 'rag_latency': 0.006900654174387455, 'rag_encode_latency': 0.006605383940041065, 'rag_search_latency': 0.00029527023434638977}
... Found context 'extra-biology': {'status': 'success', 'rag_context_key': 'extra-biology', 'rag_latency': 0.0065610092133283615, 'rag_encode_latency': 0.006290690042078495, 'rag_search_latency': 0.0002703191712498665}
... Found context 'extra-biology': {'status': 'success', 'rag_context_key': 'extra-biology', 'rag_latency': 0.010728689841926098, 'rag_encode_latency': 0.010336157865822315, 'rag_search_latency': 0.00039253197610378265}
... Found context 'extra-biology': {'status': 'success', 'rag_context_key': 'extra-biology', 'rag_latency': 0.008167470805346966, 'rag_encode_latency': 0.00782516784965992, 'rag_search_latency': 0.00034230295568704605}
... Found context 'extra-biology': {'status': 'success', 'rag_context_key': 'extra-biology', 'rag_latency': 0.007603746838867664, 'rag_encode_latency': 0.007280054502189159, 'rag_search_latency': 0.00032369233667850494}
... Found context 'extra-biology': {'status': 'success', 'rag_context_key': 'extra-biology', 'rag_latency': 0.007116939872503281, 'rag_encode_latency': 0.006810644641518593, 'rag_search_latency': 0.0003062952309846878}
... Found context 'extra-biology': {'status': 'success', 'rag_context_key': 'extra-biology', 'rag_latency': 0.0066551025956869125, 'rag_encode_latency': 0.006387611851096153, 'rag_search_latency': 0.0002674907445907593}
... Found context 'extra-biology': {'status': 'success', 'rag_context_key': 'extra-biology', 'rag_latency': 0.010169412940740585, 'rag_encode_latency': 0.009827971458435059, 'rag_search_latency': 0.00034144148230552673}
... Found context 'extra-biology': {'status': 'success', 'rag_context_key': 'extra-biology', 'rag_latency': 0.0077688805758953094, 'rag_encode_latency': 0.007438734173774719, 'rag_search_latency': 0.0003301464021205902}
... Found context 'extra-biology': {'status': 'success', 'rag_context_key': 'extra-biology', 'rag_latency': 0.007300796918570995, 'rag_encode_latency': 0.006992785260081291, 'rag_search_latency': 0.00030801165848970413}
... Found context 'extra-biology': {'status': 'success', 'rag_context_key': 'extra-biology', 'rag_latency': 0.0070198532193899155, 'rag_encode_latency': 0.006726423278450966, 'rag_search_latency': 0.0002934299409389496}
... Found context 'extra-compound-mape': {'status': 'success', 'rag_context_key': 'extra-compound-mape', 'rag_latency': 0.0069282641634345055, 'rag_encode_latency': 0.006634329445660114, 'rag_search_latency': 0.0002939347177743912}
... Found context 'extra-compound-mape': {'status': 'success', 'rag_context_key': 'extra-compound-mape', 'rag_latency': 0.010786945931613445, 'rag_encode_latency': 0.010432922281324863, 'rag_search_latency': 0.00035402365028858185}
... Found context 'extra-compound-mape': {'status': 'success', 'rag_context_key': 'extra-compound-mape', 'rag_latency': 0.008077268488705158, 'rag_encode_latency': 0.007744240574538708, 'rag_search_latency': 0.0003330279141664505}
... Found context 'extra-compound-mape': {'status': 'success', 'rag_context_key': 'extra-compound-mape', 'rag_latency': 0.007832669652998447, 'rag_encode_latency': 0.007497022859752178, 'rag_search_latency': 0.0003356467932462692}
... Found context 'extra-compound-mape': {'status': 'success', 'rag_context_key': 'extra-compound-mape', 'rag_latency': 0.010868086479604244, 'rag_encode_latency': 0.010533643886446953, 'rag_search_latency': 0.0003344425931572914}
... Found context 'extra-compound-mape': {'status': 'success', 'rag_context_key': 'extra-compound-mape', 'rag_latency': 0.0077806683257222176, 'rag_encode_latency': 0.007458886131644249, 'rag_search_latency': 0.0003217821940779686}
... Found context 'extra-compound-mape': {'status': 'success', 'rag_context_key': 'extra-compound-mape', 'rag_latency': 0.00744018517434597, 'rag_encode_latency': 0.007119285874068737, 'rag_search_latency': 0.0003208993002772331}
... Found context 'extra-compound-mape': {'status': 'success', 'rag_context_key': 'extra-compound-mape', 'rag_latency': 0.00751920323818922, 'rag_encode_latency': 0.007195372134447098, 'rag_search_latency': 0.00032383110374212265}
... Found context 'extra-compound-mape': {'status': 'success', 'rag_context_key': 'extra-biology', 'rag_latency': 0.010088682174682617, 'rag_encode_latency': 0.00975271686911583, 'rag_search_latency': 0.0003359653055667877}
... Found context 'extra-compound-mape': {'status': 'success', 'rag_context_key': 'extra-compound-mape', 'rag_latency': 0.007741938345134258, 'rag_encode_latency': 0.007420429028570652, 'rag_search_latency': 0.00032150931656360626}
... Found context 'extra-compound-mape': {'status': 'success', 'rag_context_key': 'SplitRPC-sigmetrics23', 'rag_latency': 0.007385912351310253, 'rag_encode_latency': 0.007080257870256901, 'rag_search_latency': 0.00030565448105335236}
... Found context 'extra-compound-mape': {'status': 'success', 'rag_context_key': 'extra-compound-mape', 'rag_latency': 0.007207885384559631, 'rag_encode_latency': 0.0069012027233839035, 'rag_search_latency': 0.00030668266117572784}
... Found context 'extra-compound-mape': {'status': 'success', 'rag_context_key': 'extra-compound-mape', 'rag_latency': 0.007194312289357185, 'rag_encode_latency': 0.006890104152262211, 'rag_search_latency': 0.0003042081370949745}
... Found context 'extra-compound-mape': {'status': 'success', 'rag_context_key': 'extra-compound-mape', 'rag_latency': 0.009698141366243362, 'rag_encode_latency': 0.009377391077578068, 'rag_search_latency': 0.00032075028866529465}
... Found context 'extra-compound-mape': {'status': 'success', 'rag_context_key': 'extra-oss-monitoring', 'rag_latency': 0.0074281999841332436, 'rag_encode_latency': 0.007130637764930725, 'rag_search_latency': 0.00029756221920251846}
... Found context 'extra-compound-mape': {'status': 'success', 'rag_context_key': 'extra-compound-mape', 'rag_latency': 0.006764346733689308, 'rag_encode_latency': 0.006496354006230831, 'rag_search_latency': 0.000267992727458477}
... Found context 'extra-compound-mape': {'status': 'success', 'rag_context_key': 'extra-compound-mape', 'rag_latency': 0.006770933046936989, 'rag_encode_latency': 0.0064779287204146385, 'rag_search_latency': 0.0002930043265223503}
... Found context 'extra-compound-mape': {'status': 'success', 'rag_context_key': 'extra-compound-mape', 'rag_latency': 0.006939207203686237, 'rag_encode_latency': 0.006644853390753269, 'rag_search_latency': 0.00029435381293296814}
... Found context 'extra-compound-mape': {'status': 'success', 'rag_context_key': 'extra-compound-mape', 'rag_latency': 0.007036201655864716, 'rag_encode_latency': 0.00674143061041832, 'rag_search_latency': 0.0002947710454463959}
... Found context 'extra-compound-mape': {'status': 'success', 'rag_context_key': 'extra-compound-mape', 'rag_latency': 0.006528276018798351, 'rag_encode_latency': 0.006267421878874302, 'rag_search_latency': 0.0002608541399240494}
... Found context 'ServerlessLLM_summary': {'status': 'success', 'rag_context_key': 'ServerlessLLM_summary', 'rag_latency': 0.005856395699083805, 'rag_encode_latency': 0.005612675100564957, 'rag_search_latency': 0.00024372059851884842}
... Found context 'ServerlessLLM_summary': {'status': 'success', 'rag_context_key': 'ServerlessLLM_summary', 'rag_latency': 0.005822763778269291, 'rag_encode_latency': 0.005588916130363941, 'rag_search_latency': 0.00023384764790534973}
... Found context 'ServerlessLLM_summary': {'status': 'success', 'rag_context_key': 'ServerlessLLM_summary', 'rag_latency': 0.005894475616514683, 'rag_encode_latency': 0.005632450804114342, 'rag_search_latency': 0.00026202481240034103}
... Found context 'ServerlessLLM_summary': {'status': 'success', 'rag_context_key': 'ServerlessLLM_summary', 'rag_latency': 0.011570503003895283, 'rag_encode_latency': 0.011182507500052452, 'rag_search_latency': 0.00038799550384283066}
... Found context 'ServerlessLLM_summary': {'status': 'success', 'rag_context_key': 'ServerlessLLM_summary', 'rag_latency': 0.00865903403609991, 'rag_encode_latency': 0.00830065831542015, 'rag_search_latency': 0.00035837572067976}
... Found context 'ServerlessLLM_summary': {'status': 'success', 'rag_context_key': 'ServerlessLLM_summary', 'rag_latency': 0.008661706000566483, 'rag_encode_latency': 0.008289794437587261, 'rag_search_latency': 0.00037191156297922134}
... Found context 'ServerlessLLM_summary': {'status': 'success', 'rag_context_key': 'ServerlessLLM_summary', 'rag_latency': 0.006437153555452824, 'rag_encode_latency': 0.006177788600325584, 'rag_search_latency': 0.00025936495512723923}
... Found context 'ServerlessLLM_summary': {'status': 'success', 'rag_context_key': 'ServerlessLLM_summary', 'rag_latency': 0.0060285534709692, 'rag_encode_latency': 0.005793522112071514, 'rag_search_latency': 0.000235031358897686}
... Found context 'ServerlessLLM_summary': {'status': 'success', 'rag_context_key': 'ServerlessLLM_summary', 'rag_latency': 0.005802474915981293, 'rag_encode_latency': 0.005577809177339077, 'rag_search_latency': 0.00022466573864221573}
... Found context 'ServerlessLLM_summary': {'status': 'success', 'rag_context_key': 'ServerlessLLM_summary', 'rag_latency': 0.005635017529129982, 'rag_encode_latency': 0.005408484488725662, 'rag_search_latency': 0.00022653304040431976}
... Found context 'ServerlessLLM_summary': {'status': 'success', 'rag_context_key': 'ServerlessLLM_summary', 'rag_latency': 0.00606655515730381, 'rag_encode_latency': 0.00583387166261673, 'rag_search_latency': 0.00023268349468708038}
... Found context 'ServerlessLLM_summary': {'status': 'success', 'rag_context_key': 'ServerlessLLM_summary', 'rag_latency': 0.0058159371837973595, 'rag_encode_latency': 0.005589153617620468, 'rag_search_latency': 0.00022678356617689133}
... Found context 'ServerlessLLM_summary': {'status': 'success', 'rag_context_key': 'ServerlessLLM_summary', 'rag_latency': 0.005843642167747021, 'rag_encode_latency': 0.005618304945528507, 'rag_search_latency': 0.0002253372222185135}
... Found context 'ServerlessLLM_summary': {'status': 'success', 'rag_context_key': 'ServerlessLLM_summary', 'rag_latency': 0.011945245787501335, 'rag_encode_latency': 0.011494352482259274, 'rag_search_latency': 0.0004508933052420616}
... Found context 'ServerlessLLM_summary': {'status': 'success', 'rag_context_key': 'osdi24-sun-biao', 'rag_latency': 0.010604401119053364, 'rag_encode_latency': 0.01015510968863964, 'rag_search_latency': 0.000449291430413723}
... Found context 'ServerlessLLM_summary': {'status': 'success', 'rag_context_key': 'osdi24-sun-biao', 'rag_latency': 0.00736608449369669, 'rag_encode_latency': 0.0070661455392837524, 'rag_search_latency': 0.00029993895441293716}
... Found context 'ServerlessLLM_summary': {'status': 'success', 'rag_context_key': 'ServerlessLLM_summary', 'rag_latency': 0.007318025454878807, 'rag_encode_latency': 0.007019137963652611, 'rag_search_latency': 0.0002988874912261963}
... Found context 'ServerlessLLM_summary': {'status': 'success', 'rag_context_key': 'ServerlessLLM_summary', 'rag_latency': 0.007195222191512585, 'rag_encode_latency': 0.006896656937897205, 'rag_search_latency': 0.00029856525361537933}
... Found context 'ServerlessLLM_summary': {'status': 'success', 'rag_context_key': 'ServerlessLLM_summary', 'rag_latency': 0.007417208515107632, 'rag_encode_latency': 0.007116931490600109, 'rag_search_latency': 0.0003002770245075226}
... Found context 'ServerlessLLM_summary': {'status': 'success', 'rag_context_key': 'ServerlessLLM_summary', 'rag_latency': 0.010524974204599857, 'rag_encode_latency': 0.010180574841797352, 'rag_search_latency': 0.0003443993628025055}
... Found context 'aplomb-sigcomm12': {'status': 'success', 'rag_context_key': 'extra-music', 'rag_latency': 0.007894408889114857, 'rag_encode_latency': 0.00758366659283638, 'rag_search_latency': 0.0003107422962784767}
... Found context 'aplomb-sigcomm12': {'status': 'success', 'rag_context_key': 'aplomb-sigcomm12', 'rag_latency': 0.007434731349349022, 'rag_encode_latency': 0.007133891806006432, 'rag_search_latency': 0.00030083954334259033}
... Found context 'aplomb-sigcomm12': {'status': 'success', 'rag_context_key': 'aplomb-sigcomm12', 'rag_latency': 0.007249427028000355, 'rag_encode_latency': 0.006973866373300552, 'rag_search_latency': 0.0002755606546998024}
... Found context 'aplomb-sigcomm12': {'status': 'success', 'rag_context_key': 'aplomb-sigcomm12', 'rag_latency': 0.006560147739946842, 'rag_encode_latency': 0.006303103640675545, 'rag_search_latency': 0.00025704409927129745}
... Found context 'aplomb-sigcomm12': {'status': 'success', 'rag_context_key': 'aplomb-sigcomm12', 'rag_latency': 0.010572061873972416, 'rag_encode_latency': 0.010213212110102177, 'rag_search_latency': 0.00035884976387023926}
... Found context 'aplomb-sigcomm12': {'status': 'success', 'rag_context_key': 'nsdi22-paper-reda_1', 'rag_latency': 0.008826826699078083, 'rag_encode_latency': 0.008449207991361618, 'rag_search_latency': 0.000377618707716465}
... Found context 'aplomb-sigcomm12': {'status': 'success', 'rag_context_key': 'SplitRPC-sigmetrics23', 'rag_latency': 0.011007916182279587, 'rag_encode_latency': 0.010683700442314148, 'rag_search_latency': 0.00032421573996543884}
... Found context 'aplomb-sigcomm12': {'status': 'success', 'rag_context_key': 'click', 'rag_latency': 0.007810504175722599, 'rag_encode_latency': 0.007483902387320995, 'rag_search_latency': 0.0003266017884016037}
... Found context 'aplomb-sigcomm12': {'status': 'success', 'rag_context_key': 'click', 'rag_latency': 0.007644766941666603, 'rag_encode_latency': 0.007328745909035206, 'rag_search_latency': 0.00031602103263139725}
... Found context 'aplomb-sigcomm12': {'status': 'success', 'rag_context_key': 'click', 'rag_latency': 0.0072603849694132805, 'rag_encode_latency': 0.006961162202060223, 'rag_search_latency': 0.00029922276735305786}
... Found context 'aplomb-sigcomm12': {'status': 'success', 'rag_context_key': 'osdi24-agrawal', 'rag_latency': 0.009785646572709084, 'rag_encode_latency': 0.009455173276364803, 'rag_search_latency': 0.00033047329634428024}
... Found context 'aplomb-sigcomm12': {'status': 'success', 'rag_context_key': 'aplomb-sigcomm12', 'rag_latency': 0.007877452298998833, 'rag_encode_latency': 0.007550416514277458, 'rag_search_latency': 0.0003270357847213745}
... Found context 'aplomb-sigcomm12': {'status': 'success', 'rag_context_key': 'extra-estimate-performance', 'rag_latency': 0.007882519625127316, 'rag_encode_latency': 0.007555515505373478, 'rag_search_latency': 0.0003270041197538376}
... Found context 'aplomb-sigcomm12': {'status': 'success', 'rag_context_key': 'osdi24-sun-biao', 'rag_latency': 0.007520957849919796, 'rag_encode_latency': 0.007206965237855911, 'rag_search_latency': 0.00031399261206388474}
... Found context 'aplomb-sigcomm12': {'status': 'success', 'rag_context_key': 'aplomb-sigcomm12', 'rag_latency': 0.010159474797546864, 'rag_encode_latency': 0.009786780923604965, 'rag_search_latency': 0.00037269387394189835}
... Found context 'aplomb-sigcomm12': {'status': 'success', 'rag_context_key': 'extra-biology', 'rag_latency': 0.008370751515030861, 'rag_encode_latency': 0.008030040189623833, 'rag_search_latency': 0.0003407113254070282}
... Found context 'aplomb-sigcomm12': {'status': 'success', 'rag_context_key': 'extra-music', 'rag_latency': 0.008370076306164265, 'rag_encode_latency': 0.008031090721487999, 'rag_search_latency': 0.0003389855846762657}
... Found context 'aplomb-sigcomm12': {'status': 'success', 'rag_context_key': 'aplomb-sigcomm12', 'rag_latency': 0.009781892411410809, 'rag_encode_latency': 0.009425577707588673, 'rag_search_latency': 0.0003563147038221359}
... Found context 'aplomb-sigcomm12': {'status': 'success', 'rag_context_key': 'extra-biology', 'rag_latency': 0.007979662157595158, 'rag_encode_latency': 0.0076511576771736145, 'rag_search_latency': 0.0003285044804215431}
... Found context 'aplomb-sigcomm12': {'status': 'success', 'rag_context_key': 'aplomb-sigcomm12', 'rag_latency': 0.008132470771670341, 'rag_encode_latency': 0.0077902283519506454, 'rag_search_latency': 0.00034224241971969604}
... Found context 'vllm': {'status': 'success', 'rag_context_key': 'vllm', 'rag_latency': 0.01049845665693283, 'rag_encode_latency': 0.010156353935599327, 'rag_search_latency': 0.0003421027213335037}
... Found context 'vllm': {'status': 'success', 'rag_context_key': 'ServerlessLLM_summary', 'rag_latency': 0.008199174888432026, 'rag_encode_latency': 0.007871280424296856, 'rag_search_latency': 0.00032789446413517}
... Found context 'vllm': {'status': 'success', 'rag_context_key': 'sigcomm24-crux', 'rag_latency': 0.008026709780097008, 'rag_encode_latency': 0.007697924971580505, 'rag_search_latency': 0.0003287848085165024}
... Found context 'vllm': {'status': 'success', 'rag_context_key': 'osdi24-lee', 'rag_latency': 0.010651398450136185, 'rag_encode_latency': 0.010325110517442226, 'rag_search_latency': 0.0003262879326939583}
... Found context 'vllm': {'status': 'success', 'rag_context_key': 'vllm', 'rag_latency': 0.007933496497571468, 'rag_encode_latency': 0.007617127150297165, 'rag_search_latency': 0.00031636934727430344}
... Found context 'vllm': {'status': 'success', 'rag_context_key': 'osdi24-agrawal', 'rag_latency': 0.007769986987113953, 'rag_encode_latency': 0.007456283085048199, 'rag_search_latency': 0.00031370390206575394}
... Found context 'vllm': {'status': 'success', 'rag_context_key': 'osdi24-sun-biao', 'rag_latency': 0.007543657906353474, 'rag_encode_latency': 0.007226941175758839, 'rag_search_latency': 0.000316716730594635}
... Found context 'vllm': {'status': 'success', 'rag_context_key': 'sigcomm24-crux', 'rag_latency': 0.0098662618547678, 'rag_encode_latency': 0.00952251348644495, 'rag_search_latency': 0.0003437483683228493}
... Found context 'vllm': {'status': 'success', 'rag_context_key': 'osdi24-agrawal', 'rag_latency': 0.008265855722129345, 'rag_encode_latency': 0.007936717011034489, 'rag_search_latency': 0.00032913871109485626}
... Found context 'vllm': {'status': 'success', 'rag_context_key': 'vllm', 'rag_latency': 0.007839244790375233, 'rag_encode_latency': 0.007509068585932255, 'rag_search_latency': 0.0003301762044429779}
... Found context 'vllm': {'status': 'success', 'rag_context_key': 'vllm', 'rag_latency': 0.010448133572936058, 'rag_encode_latency': 0.010091699659824371, 'rag_search_latency': 0.0003564339131116867}
... Found context 'vllm': {'status': 'success', 'rag_context_key': 'vllm', 'rag_latency': 0.008230434730648994, 'rag_encode_latency': 0.00790303386747837, 'rag_search_latency': 0.0003274008631706238}
... Found context 'vllm': {'status': 'success', 'rag_context_key': 'osdi24-agrawal', 'rag_latency': 0.008066046983003616, 'rag_encode_latency': 0.007732998579740524, 'rag_search_latency': 0.00033304840326309204}
... Found context 'vllm': {'status': 'success', 'rag_context_key': 'osdi24-agrawal', 'rag_latency': 0.007018839940428734, 'rag_encode_latency': 0.006737959571182728, 'rag_search_latency': 0.000280880369246006}
... Found context 'vllm': {'status': 'success', 'rag_context_key': 'vllm', 'rag_latency': 0.010659524239599705, 'rag_encode_latency': 0.010263271629810333, 'rag_search_latency': 0.0003962526097893715}
... Found context 'vllm': {'status': 'success', 'rag_context_key': 'vllm', 'rag_latency': 0.009256046265363693, 'rag_encode_latency': 0.008873946033418179, 'rag_search_latency': 0.0003821002319455147}
... Found context 'vllm': {'status': 'success', 'rag_context_key': 'osdi24-lee', 'rag_latency': 0.014643029309809208, 'rag_encode_latency': 0.01425215508788824, 'rag_search_latency': 0.0003908742219209671}
... Found context 'vllm': {'status': 'success', 'rag_context_key': 'vllm', 'rag_latency': 0.011608732864260674, 'rag_encode_latency': 0.011257953941822052, 'rag_search_latency': 0.0003507789224386215}
... Found context 'vllm': {'status': 'success', 'rag_context_key': 'osdi24-agrawal', 'rag_latency': 0.011824545450508595, 'rag_encode_latency': 0.01144347246736288, 'rag_search_latency': 0.0003810729831457138}
... Found context 'vllm': {'status': 'success', 'rag_context_key': 'vllm', 'rag_latency': 0.009117974899709225, 'rag_encode_latency': 0.008758299984037876, 'rag_search_latency': 0.00035967491567134857}
... Found context 'cacheblend': {'status': 'success', 'rag_context_key': 'cacheblend', 'rag_latency': 0.008244258351624012, 'rag_encode_latency': 0.007902735844254494, 'rag_search_latency': 0.0003415225073695183}
... Found context 'cacheblend': {'status': 'success', 'rag_context_key': 'cacheblend', 'rag_latency': 0.009278624318540096, 'rag_encode_latency': 0.008935329504311085, 'rag_search_latency': 0.00034329481422901154}
... Found context 'cacheblend': {'status': 'success', 'rag_context_key': 'cacheblend', 'rag_latency': 0.008099272847175598, 'rag_encode_latency': 0.007771976292133331, 'rag_search_latency': 0.00032729655504226685}
... Found context 'cacheblend': {'status': 'success', 'rag_context_key': 'osdi24-lee', 'rag_latency': 0.00788932479918003, 'rag_encode_latency': 0.007559711113572121, 'rag_search_latency': 0.00032961368560791016}
... Found context 'cacheblend': {'status': 'success', 'rag_context_key': 'cacheblend', 'rag_latency': 0.007317600771784782, 'rag_encode_latency': 0.007010605186223984, 'rag_search_latency': 0.00030699558556079865}
... Found context 'cacheblend': {'status': 'success', 'rag_context_key': 'osdi24-lee', 'rag_latency': 0.010128678753972054, 'rag_encode_latency': 0.009768118150532246, 'rag_search_latency': 0.0003605606034398079}
... Found context 'cacheblend': {'status': 'success', 'rag_context_key': 'cacheblend', 'rag_latency': 0.008634564466774464, 'rag_encode_latency': 0.008271177299320698, 'rag_search_latency': 0.00036338716745376587}
... Found context 'cacheblend': {'status': 'success', 'rag_context_key': 'cacheblend', 'rag_latency': 0.00860628392547369, 'rag_encode_latency': 0.008246553130447865, 'rag_search_latency': 0.0003597307950258255}
... Found context 'cacheblend': {'status': 'success', 'rag_context_key': 'cacheblend', 'rag_latency': 0.00668720155954361, 'rag_encode_latency': 0.006425785832107067, 'rag_search_latency': 0.0002614157274365425}
... Found context 'cacheblend': {'status': 'success', 'rag_context_key': 'nsdi20-paper-barbette', 'rag_latency': 0.0059905750676989555, 'rag_encode_latency': 0.00576414167881012, 'rag_search_latency': 0.0002264333888888359}
... Found context 'cacheblend': {'status': 'success', 'rag_context_key': 'cacheblend', 'rag_latency': 0.006033493205904961, 'rag_encode_latency': 0.0058077434077858925, 'rag_search_latency': 0.00022574979811906815}
... Found context 'cacheblend': {'status': 'success', 'rag_context_key': 'cacheblend', 'rag_latency': 0.0058959731832146645, 'rag_encode_latency': 0.005663854070007801, 'rag_search_latency': 0.0002321191132068634}
... Found context 'cacheblend': {'status': 'success', 'rag_context_key': 'nsdi22-paper-reda_1', 'rag_latency': 0.005931532010436058, 'rag_encode_latency': 0.005698179826140404, 'rag_search_latency': 0.0002333521842956543}
... Found context 'cacheblend': {'status': 'success', 'rag_context_key': 'cacheblend', 'rag_latency': 0.00590116810053587, 'rag_encode_latency': 0.005669566802680492, 'rag_search_latency': 0.0002316012978553772}
... Found context 'cacheblend': {'status': 'success', 'rag_context_key': 'cacheblend', 'rag_latency': 0.005869818851351738, 'rag_encode_latency': 0.005634911358356476, 'rag_search_latency': 0.00023490749299526215}
... Found context 'cacheblend': {'status': 'success', 'rag_context_key': 'cacheblend', 'rag_latency': 0.006050066091120243, 'rag_encode_latency': 0.005823523737490177, 'rag_search_latency': 0.00022654235363006592}
... Found context 'cacheblend': {'status': 'success', 'rag_context_key': 'cacheblend', 'rag_latency': 0.00607244111597538, 'rag_encode_latency': 0.005845008417963982, 'rag_search_latency': 0.00022743269801139832}
... Found context 'cacheblend': {'status': 'success', 'rag_context_key': 'cacheblend', 'rag_latency': 0.0061850715428590775, 'rag_encode_latency': 0.005950938910245895, 'rag_search_latency': 0.00023413263261318207}
... Found context 'cacheblend': {'status': 'success', 'rag_context_key': 'osdi24-lee', 'rag_latency': 0.006244610995054245, 'rag_encode_latency': 0.006011340767145157, 'rag_search_latency': 0.00023327022790908813}
... Found context 'cacheblend': {'status': 'success', 'rag_context_key': 'cacheblend', 'rag_latency': 0.006360916420817375, 'rag_encode_latency': 0.006121058948338032, 'rag_search_latency': 0.00023985747247934341}
... Found context 'extra-leonardo': {'status': 'success', 'rag_context_key': 'extra-leonardo', 'rag_latency': 0.006317508406937122, 'rag_encode_latency': 0.006075432524085045, 'rag_search_latency': 0.00024207588285207748}
... Found context 'extra-leonardo': {'status': 'success', 'rag_context_key': 'extra-leonardo', 'rag_latency': 0.006187381222844124, 'rag_encode_latency': 0.005947873927652836, 'rag_search_latency': 0.000239507295191288}
... Found context 'extra-leonardo': {'status': 'success', 'rag_context_key': 'extra-leonardo', 'rag_latency': 0.0062628258019685745, 'rag_encode_latency': 0.006022307090461254, 'rag_search_latency': 0.0002405187115073204}
... Found context 'extra-leonardo': {'status': 'success', 'rag_context_key': 'extra-leonardo', 'rag_latency': 0.006271871738135815, 'rag_encode_latency': 0.006040089763700962, 'rag_search_latency': 0.0002317819744348526}
... Found context 'extra-leonardo': {'status': 'success', 'rag_context_key': 'extra-leonardo', 'rag_latency': 0.006287851370871067, 'rag_encode_latency': 0.006046204827725887, 'rag_search_latency': 0.00024164654314517975}
... Found context 'extra-leonardo': {'status': 'success', 'rag_context_key': 'extra-leonardo', 'rag_latency': 0.006334749981760979, 'rag_encode_latency': 0.006093727424740791, 'rag_search_latency': 0.00024102255702018738}
... Found context 'extra-leonardo': {'status': 'success', 'rag_context_key': 'extra-leonardo', 'rag_latency': 0.006257237866520882, 'rag_encode_latency': 0.0060242777690291405, 'rag_search_latency': 0.00023296009749174118}
... Found context 'extra-leonardo': {'status': 'success', 'rag_context_key': 'extra-leonardo', 'rag_latency': 0.0061319246888160706, 'rag_encode_latency': 0.005887175910174847, 'rag_search_latency': 0.0002447487786412239}
... Found context 'extra-leonardo': {'status': 'success', 'rag_context_key': 'extra-leonardo', 'rag_latency': 0.006117821671068668, 'rag_encode_latency': 0.00587395578622818, 'rag_search_latency': 0.00024386588484048843}
... Found context 'extra-leonardo': {'status': 'success', 'rag_context_key': 'extra-leonardo', 'rag_latency': 0.006308083422482014, 'rag_encode_latency': 0.00606626458466053, 'rag_search_latency': 0.0002418188378214836}
... Found context 'extra-leonardo': {'status': 'success', 'rag_context_key': 'extra-leonardo', 'rag_latency': 0.006351380608975887, 'rag_encode_latency': 0.006068456918001175, 'rag_search_latency': 0.00028292369097471237}
... Found context 'extra-leonardo': {'status': 'success', 'rag_context_key': 'extra-leonardo', 'rag_latency': 0.010851914063096046, 'rag_encode_latency': 0.010492270812392235, 'rag_search_latency': 0.00035964325070381165}
... Found context 'extra-leonardo': {'status': 'success', 'rag_context_key': 'extra-leonardo', 'rag_latency': 0.008673537522554398, 'rag_encode_latency': 0.008327926509082317, 'rag_search_latency': 0.00034561101347208023}
... Found context 'extra-leonardo': {'status': 'success', 'rag_context_key': 'extra-leonardo', 'rag_latency': 0.008212410844862461, 'rag_encode_latency': 0.007869341410696507, 'rag_search_latency': 0.0003430694341659546}
... Found context 'extra-leonardo': {'status': 'success', 'rag_context_key': 'extra-leonardo', 'rag_latency': 0.009994017891585827, 'rag_encode_latency': 0.009635199792683125, 'rag_search_latency': 0.00035881809890270233}
... Found context 'extra-leonardo': {'status': 'success', 'rag_context_key': 'extra-leonardo', 'rag_latency': 0.008101732470095158, 'rag_encode_latency': 0.007766608148813248, 'rag_search_latency': 0.00033512432128190994}
... Found context 'extra-leonardo': {'status': 'success', 'rag_context_key': 'extra-leonardo', 'rag_latency': 0.008069556206464767, 'rag_encode_latency': 0.007735360413789749, 'rag_search_latency': 0.0003341957926750183}
... Found context 'extra-leonardo': {'status': 'success', 'rag_context_key': 'extra-leonardo', 'rag_latency': 0.010486957617104053, 'rag_encode_latency': 0.010128368623554707, 'rag_search_latency': 0.0003585889935493469}
... Found context 'extra-leonardo': {'status': 'success', 'rag_context_key': 'extra-leonardo', 'rag_latency': 0.008439216762781143, 'rag_encode_latency': 0.008092869073152542, 'rag_search_latency': 0.0003463476896286011}
... Found context 'extra-leonardo': {'status': 'success', 'rag_context_key': 'extra-leonardo', 'rag_latency': 0.00838183332234621, 'rag_encode_latency': 0.008034641854465008, 'rag_search_latency': 0.0003471914678812027}
... Found context 'click': {'status': 'success', 'rag_context_key': 'click', 'rag_latency': 0.00977308675646782, 'rag_encode_latency': 0.009428290650248528, 'rag_search_latency': 0.0003447961062192917}
... Found context 'click': {'status': 'success', 'rag_context_key': 'click', 'rag_latency': 0.008349686861038208, 'rag_encode_latency': 0.008008025586605072, 'rag_search_latency': 0.000341661274433136}
... Found context 'click': {'status': 'success', 'rag_context_key': 'click', 'rag_latency': 0.008364994078874588, 'rag_encode_latency': 0.008020242676138878, 'rag_search_latency': 0.00034475140273571014}
... Found context 'click': {'status': 'success', 'rag_context_key': 'click', 'rag_latency': 0.009762843139469624, 'rag_encode_latency': 0.009420318529009819, 'rag_search_latency': 0.00034252461045980453}
... Found context 'click': {'status': 'success', 'rag_context_key': 'click', 'rag_latency': 0.008176635950803757, 'rag_encode_latency': 0.007833844050765038, 'rag_search_latency': 0.0003427919000387192}
... Found context 'click': {'status': 'success', 'rag_context_key': 'click', 'rag_latency': 0.008182795718312263, 'rag_encode_latency': 0.00784034188836813, 'rag_search_latency': 0.00034245382994413376}
... Found context 'click': {'status': 'success', 'rag_context_key': 'click', 'rag_latency': 0.00995941273868084, 'rag_encode_latency': 0.009608901105821133, 'rag_search_latency': 0.0003505116328597069}
... Found context 'click': {'status': 'success', 'rag_context_key': 'SplitRPC-sigmetrics23', 'rag_latency': 0.008175056427717209, 'rag_encode_latency': 0.007832208648324013, 'rag_search_latency': 0.0003428477793931961}
... Found context 'click': {'status': 'success', 'rag_context_key': 'click', 'rag_latency': 0.008131679147481918, 'rag_encode_latency': 0.007785553112626076, 'rag_search_latency': 0.0003461260348558426}
... Found context 'click': {'status': 'success', 'rag_context_key': 'click', 'rag_latency': 0.010360007174313068, 'rag_encode_latency': 0.010016802698373795, 'rag_search_latency': 0.00034320447593927383}
... Found context 'click': {'status': 'success', 'rag_context_key': 'metron-nsdi18', 'rag_latency': 0.008220898918807507, 'rag_encode_latency': 0.007874471135437489, 'rag_search_latency': 0.000346427783370018}
... Found context 'click': {'status': 'success', 'rag_context_key': 'click', 'rag_latency': 0.00862438790500164, 'rag_encode_latency': 0.008215945214033127, 'rag_search_latency': 0.0004084426909685135}
... Found context 'click': {'status': 'success', 'rag_context_key': 'click', 'rag_latency': 0.00972638837993145, 'rag_encode_latency': 0.009381212294101715, 'rag_search_latency': 0.0003451760858297348}
... Found context 'click': {'status': 'success', 'rag_context_key': 'SplitRPC-sigmetrics23', 'rag_latency': 0.007953615859150887, 'rag_encode_latency': 0.00763197336345911, 'rag_search_latency': 0.0003216424956917763}
... Found context 'click': {'status': 'success', 'rag_context_key': 'click', 'rag_latency': 0.007332049310207367, 'rag_encode_latency': 0.007031499408185482, 'rag_search_latency': 0.0003005499020218849}
... Found context 'click': {'status': 'success', 'rag_context_key': 'click', 'rag_latency': 0.007250088267028332, 'rag_encode_latency': 0.006949997507035732, 'rag_search_latency': 0.0003000907599925995}
... Found context 'click': {'status': 'success', 'rag_context_key': 'SplitRPC-sigmetrics23', 'rag_latency': 0.010547418147325516, 'rag_encode_latency': 0.010208061896264553, 'rag_search_latency': 0.0003393562510609627}
... Found context 'click': {'status': 'success', 'rag_context_key': 'metron-nsdi18', 'rag_latency': 0.008025575429201126, 'rag_encode_latency': 0.007698620669543743, 'rag_search_latency': 0.00032695475965738297}
... Found context 'click': {'status': 'success', 'rag_context_key': 'click', 'rag_latency': 0.007872447371482849, 'rag_encode_latency': 0.007543968968093395, 'rag_search_latency': 0.0003284784033894539}
... Found context 'click': {'status': 'success', 'rag_context_key': 'cacheblend', 'rag_latency': 0.010588351637125015, 'rag_encode_latency': 0.010259972885251045, 'rag_search_latency': 0.00032837875187397003}
... Found context 'osdi24-agrawal': {'status': 'success', 'rag_context_key': 'osdi24-agrawal', 'rag_latency': 0.007984944619238377, 'rag_encode_latency': 0.0076721785590052605, 'rag_search_latency': 0.00031276606023311615}
... Found context 'osdi24-agrawal': {'status': 'success', 'rag_context_key': 'osdi24-agrawal', 'rag_latency': 0.007738837040960789, 'rag_encode_latency': 0.0074264854192733765, 'rag_search_latency': 0.00031235162168741226}
... Found context 'osdi24-agrawal': {'status': 'success', 'rag_context_key': 'osdi24-agrawal', 'rag_latency': 0.007504156790673733, 'rag_encode_latency': 0.007201150059700012, 'rag_search_latency': 0.00030300673097372055}
... Found context 'osdi24-agrawal': {'status': 'success', 'rag_context_key': 'osdi24-agrawal', 'rag_latency': 0.010016283020377159, 'rag_encode_latency': 0.009665809571743011, 'rag_search_latency': 0.00035047344863414764}
... Found context 'osdi24-agrawal': {'status': 'success', 'rag_context_key': 'osdi24-agrawal', 'rag_latency': 0.00824615266174078, 'rag_encode_latency': 0.007901894859969616, 'rag_search_latency': 0.00034425780177116394}
... Found context 'osdi24-agrawal': {'status': 'success', 'rag_context_key': 'osdi24-agrawal', 'rag_latency': 0.008306783623993397, 'rag_encode_latency': 0.007964741438627243, 'rag_search_latency': 0.0003420421853661537}
... Found context 'osdi24-agrawal': {'status': 'success', 'rag_context_key': 'osdi24-agrawal', 'rag_latency': 0.01002080924808979, 'rag_encode_latency': 0.009681504219770432, 'rag_search_latency': 0.0003393050283193588}
... Found context 'osdi24-agrawal': {'status': 'success', 'rag_context_key': 'metron-nsdi18', 'rag_latency': 0.008224603720009327, 'rag_encode_latency': 0.007884333841502666, 'rag_search_latency': 0.00034026987850666046}
... Found context 'osdi24-agrawal': {'status': 'success', 'rag_context_key': 'extra-estimate-performance', 'rag_latency': 0.008163167163729668, 'rag_encode_latency': 0.007819234393537045, 'rag_search_latency': 0.00034393277019262314}
... Found context 'osdi24-agrawal': {'status': 'success', 'rag_context_key': 'osdi24-agrawal', 'rag_latency': 0.009968140162527561, 'rag_encode_latency': 0.009641041047871113, 'rag_search_latency': 0.00032709911465644836}
... Found context 'osdi24-agrawal': {'status': 'success', 'rag_context_key': 'osdi24-agrawal', 'rag_latency': 0.008002202026546001, 'rag_encode_latency': 0.007689245045185089, 'rag_search_latency': 0.0003129569813609123}
... Found context 'osdi24-agrawal': {'status': 'success', 'rag_context_key': 'osdi24-agrawal', 'rag_latency': 0.007717945612967014, 'rag_encode_latency': 0.007404419593513012, 'rag_search_latency': 0.0003135260194540024}
... Found context 'osdi24-agrawal': {'status': 'success', 'rag_context_key': 'cacheblend', 'rag_latency': 0.007790230214595795, 'rag_encode_latency': 0.007477062754333019, 'rag_search_latency': 0.0003131674602627754}
... Found context 'osdi24-agrawal': {'status': 'success', 'rag_context_key': 'osdi24-agrawal', 'rag_latency': 0.009592229500412941, 'rag_encode_latency': 0.009249736554920673, 'rag_search_latency': 0.0003424929454922676}
... Found context 'osdi24-agrawal': {'status': 'success', 'rag_context_key': 'osdi24-agrawal', 'rag_latency': 0.008349080570042133, 'rag_encode_latency': 0.008006135001778603, 'rag_search_latency': 0.00034294556826353073}
... Found context 'osdi24-agrawal': {'status': 'success', 'rag_context_key': 'osdi24-agrawal', 'rag_latency': 0.008153223432600498, 'rag_encode_latency': 0.007823009043931961, 'rag_search_latency': 0.00033021438866853714}
... Found context 'osdi24-agrawal': {'status': 'success', 'rag_context_key': 'osdi24-agrawal', 'rag_latency': 0.010622379370033741, 'rag_encode_latency': 0.010264943353831768, 'rag_search_latency': 0.00035743601620197296}
... Found context 'osdi24-agrawal': {'status': 'success', 'rag_context_key': 'metron-nsdi18', 'rag_latency': 0.008788504637777805, 'rag_encode_latency': 0.008431688882410526, 'rag_search_latency': 0.00035681575536727905}
... Found context 'osdi24-agrawal': {'status': 'success', 'rag_context_key': 'metron-nsdi18', 'rag_latency': 0.008830268867313862, 'rag_encode_latency': 0.008468251675367355, 'rag_search_latency': 0.0003620171919465065}
... Found context 'osdi24-agrawal': {'status': 'success', 'rag_context_key': 'metron-nsdi18', 'rag_latency': 0.006453217007219791, 'rag_encode_latency': 0.006204784847795963, 'rag_search_latency': 0.0002484321594238281}
... Found context 'metron-nsdi18': {'status': 'success', 'rag_context_key': 'metron-nsdi18', 'rag_latency': 0.0060834139585494995, 'rag_encode_latency': 0.005851308815181255, 'rag_search_latency': 0.00023210514336824417}
... Found context 'metron-nsdi18': {'status': 'success', 'rag_context_key': 'metron-nsdi18', 'rag_latency': 0.006112704053521156, 'rag_encode_latency': 0.005875591188669205, 'rag_search_latency': 0.0002371128648519516}
... Found context 'metron-nsdi18': {'status': 'success', 'rag_context_key': 'metron-nsdi18', 'rag_latency': 0.006258196197450161, 'rag_encode_latency': 0.006020432338118553, 'rag_search_latency': 0.00023776385933160782}
... Found context 'metron-nsdi18': {'status': 'success', 'rag_context_key': 'metron-nsdi18', 'rag_latency': 0.006299947388470173, 'rag_encode_latency': 0.006058096885681152, 'rag_search_latency': 0.00024185050278902054}
... Found context 'metron-nsdi18': {'status': 'success', 'rag_context_key': 'metron-nsdi18', 'rag_latency': 0.006325586698949337, 'rag_encode_latency': 0.006077390164136887, 'rag_search_latency': 0.0002481965348124504}
... Found context 'metron-nsdi18': {'status': 'success', 'rag_context_key': 'metron-nsdi18', 'rag_latency': 0.006550634279847145, 'rag_encode_latency': 0.006301236338913441, 'rag_search_latency': 0.0002493979409337044}
... Found context 'metron-nsdi18': {'status': 'success', 'rag_context_key': 'metron-nsdi18', 'rag_latency': 0.0067119840532541275, 'rag_encode_latency': 0.0064461734145879745, 'rag_search_latency': 0.00026581063866615295}
... Found context 'metron-nsdi18': {'status': 'success', 'rag_context_key': 'metron-nsdi18', 'rag_latency': 0.006922939792275429, 'rag_encode_latency': 0.006617039442062378, 'rag_search_latency': 0.00030590035021305084}
... Found context 'metron-nsdi18': {'status': 'success', 'rag_context_key': 'metron-nsdi18', 'rag_latency': 0.006945168599486351, 'rag_encode_latency': 0.006680452264845371, 'rag_search_latency': 0.00026471633464097977}
... Found context 'metron-nsdi18': {'status': 'success', 'rag_context_key': 'metron-nsdi18', 'rag_latency': 0.00744889210909605, 'rag_encode_latency': 0.007200154475867748, 'rag_search_latency': 0.000248737633228302}
... Found context 'metron-nsdi18': {'status': 'success', 'rag_context_key': 'metron-nsdi18', 'rag_latency': 0.010026744566857815, 'rag_encode_latency': 0.009681951254606247, 'rag_search_latency': 0.00034479331225156784}
... Found context 'metron-nsdi18': {'status': 'success', 'rag_context_key': 'metron-nsdi18', 'rag_latency': 0.008340125903487206, 'rag_encode_latency': 0.008011003956198692, 'rag_search_latency': 0.0003291219472885132}
... Found context 'metron-nsdi18': {'status': 'success', 'rag_context_key': 'metron-nsdi18', 'rag_latency': 0.008112192153930664, 'rag_encode_latency': 0.007785412482917309, 'rag_search_latency': 0.00032677967101335526}
... Found context 'metron-nsdi18': {'status': 'success', 'rag_context_key': 'metron-nsdi18', 'rag_latency': 0.010463578626513481, 'rag_encode_latency': 0.010124346241354942, 'rag_search_latency': 0.0003392323851585388}
... Found context 'metron-nsdi18': {'status': 'success', 'rag_context_key': 'metron-nsdi18', 'rag_latency': 0.008265183307230473, 'rag_encode_latency': 0.007939429953694344, 'rag_search_latency': 0.000325753353536129}
... Found context 'metron-nsdi18': {'status': 'success', 'rag_context_key': 'metron-nsdi18', 'rag_latency': 0.008059239946305752, 'rag_encode_latency': 0.00772811658680439, 'rag_search_latency': 0.00033112335950136185}
... Found context 'metron-nsdi18': {'status': 'success', 'rag_context_key': 'metron-nsdi18', 'rag_latency': 0.010429893620312214, 'rag_encode_latency': 0.010089392773807049, 'rag_search_latency': 0.0003405008465051651}
... Found context 'metron-nsdi18': {'status': 'success', 'rag_context_key': 'metron-nsdi18', 'rag_latency': 0.008057269267737865, 'rag_encode_latency': 0.0077148061245679855, 'rag_search_latency': 0.0003424631431698799}
... Found context 'metron-nsdi18': {'status': 'success', 'rag_context_key': 'metron-nsdi18', 'rag_latency': 0.00781957060098648, 'rag_encode_latency': 0.007497379556298256, 'rag_search_latency': 0.0003221910446882248}
... Found context 'metron-nsdi18': {'status': 'success', 'rag_context_key': 'extra-music', 'rag_latency': 0.007130303420126438, 'rag_encode_latency': 0.006834236904978752, 'rag_search_latency': 0.000296066515147686}
... Found context 'osdi24-lee': {'status': 'success', 'rag_context_key': 'osdi24-lee', 'rag_latency': 0.006327382288873196, 'rag_encode_latency': 0.0060829827561974525, 'rag_search_latency': 0.0002443995326757431}
... Found context 'osdi24-lee': {'status': 'success', 'rag_context_key': 'osdi24-agrawal', 'rag_latency': 0.005995742045342922, 'rag_encode_latency': 0.005768759176135063, 'rag_search_latency': 0.00022698286920785904}
... Found context 'osdi24-lee': {'status': 'success', 'rag_context_key': 'osdi24-lee', 'rag_latency': 0.005902983248233795, 'rag_encode_latency': 0.00567688699811697, 'rag_search_latency': 0.0002260962501168251}
... Found context 'osdi24-lee': {'status': 'success', 'rag_context_key': 'osdi24-lee', 'rag_latency': 0.0058540767058730125, 'rag_encode_latency': 0.00562645960599184, 'rag_search_latency': 0.00022761709988117218}
... Found context 'osdi24-lee': {'status': 'success', 'rag_context_key': 'osdi24-lee', 'rag_latency': 0.011667953804135323, 'rag_encode_latency': 0.011247592978179455, 'rag_search_latency': 0.00042036082595586777}
... Found context 'osdi24-lee': {'status': 'success', 'rag_context_key': 'osdi24-lee', 'rag_latency': 0.009579723700881004, 'rag_encode_latency': 0.009198651649057865, 'rag_search_latency': 0.0003810720518231392}
... Found context 'osdi24-lee': {'status': 'success', 'rag_context_key': 'osdi24-lee', 'rag_latency': 0.009623102843761444, 'rag_encode_latency': 0.009273883886635303, 'rag_search_latency': 0.0003492189571261406}
... Found context 'osdi24-lee': {'status': 'success', 'rag_context_key': 'osdi24-lee', 'rag_latency': 0.0077573684975504875, 'rag_encode_latency': 0.0074365464970469475, 'rag_search_latency': 0.00032082200050354004}
... Found context 'osdi24-lee': {'status': 'success', 'rag_context_key': 'osdi24-lee', 'rag_latency': 0.0075387125834822655, 'rag_encode_latency': 0.007214934565126896, 'rag_search_latency': 0.00032377801835536957}
... Found context 'osdi24-lee': {'status': 'success', 'rag_context_key': 'osdi24-lee', 'rag_latency': 0.007125368341803551, 'rag_encode_latency': 0.006829969584941864, 'rag_search_latency': 0.0002953987568616867}
... Found context 'osdi24-lee': {'status': 'success', 'rag_context_key': 'osdi24-lee', 'rag_latency': 0.006752427667379379, 'rag_encode_latency': 0.006481180898845196, 'rag_search_latency': 0.0002712467685341835}
... Found context 'osdi24-lee': {'status': 'success', 'rag_context_key': 'osdi24-lee', 'rag_latency': 0.01019150111824274, 'rag_encode_latency': 0.009861089289188385, 'rag_search_latency': 0.0003304118290543556}
... Found context 'osdi24-lee': {'status': 'success', 'rag_context_key': 'osdi24-lee', 'rag_latency': 0.007844643667340279, 'rag_encode_latency': 0.007537823170423508, 'rag_search_latency': 0.00030682049691677094}
... Found context 'osdi24-lee': {'status': 'success', 'rag_context_key': 'osdi24-agrawal', 'rag_latency': 0.007264536805450916, 'rag_encode_latency': 0.006968159228563309, 'rag_search_latency': 0.0002963775768876076}
... Found context 'osdi24-lee': {'status': 'success', 'rag_context_key': 'cacheblend', 'rag_latency': 0.00710031483322382, 'rag_encode_latency': 0.006806590594351292, 'rag_search_latency': 0.0002937242388725281}
... Found context 'osdi24-lee': {'status': 'success', 'rag_context_key': 'osdi24-lee', 'rag_latency': 0.006853541359305382, 'rag_encode_latency': 0.006584029644727707, 'rag_search_latency': 0.00026951171457767487}
... Found context 'osdi24-lee': {'status': 'success', 'rag_context_key': 'osdi24-agrawal', 'rag_latency': 0.006250789389014244, 'rag_encode_latency': 0.006001711823046207, 'rag_search_latency': 0.00024907756596803665}
... Found context 'osdi24-lee': {'status': 'success', 'rag_context_key': 'osdi24-lee', 'rag_latency': 0.006024811416864395, 'rag_encode_latency': 0.005784659646451473, 'rag_search_latency': 0.0002401517704129219}
... Found context 'osdi24-lee': {'status': 'success', 'rag_context_key': 'osdi24-lee', 'rag_latency': 0.0058324094861745834, 'rag_encode_latency': 0.005600035190582275, 'rag_search_latency': 0.00023237429559230804}
... Found context 'osdi24-lee': {'status': 'success', 'rag_context_key': 'extra-compound-mape', 'rag_latency': 0.005871118977665901, 'rag_encode_latency': 0.005641446448862553, 'rag_search_latency': 0.00022967252880334854}
... Found context 'sigcomm2023_janus': {'status': 'success', 'rag_context_key': 'sigcomm2023_janus', 'rag_latency': 0.005913903005421162, 'rag_encode_latency': 0.005682917311787605, 'rag_search_latency': 0.00023098569363355637}
... Found context 'sigcomm2023_janus': {'status': 'success', 'rag_context_key': 'sigcomm2023_janus', 'rag_latency': 0.005923704244196415, 'rag_encode_latency': 0.005692490376532078, 'rag_search_latency': 0.00023121386766433716}
... Found context 'sigcomm2023_janus': {'status': 'success', 'rag_context_key': 'sigcomm2023_janus', 'rag_latency': 0.005863167345523834, 'rag_encode_latency': 0.0056330859661102295, 'rag_search_latency': 0.00023008137941360474}
... Found context 'sigcomm2023_janus': {'status': 'success', 'rag_context_key': 'sigcomm2023_janus', 'rag_latency': 0.005810406059026718, 'rag_encode_latency': 0.005579107441008091, 'rag_search_latency': 0.00023129861801862717}
... Found context 'sigcomm2023_janus': {'status': 'success', 'rag_context_key': 'sigcomm2023_janus', 'rag_latency': 0.00581401027739048, 'rag_encode_latency': 0.00558432936668396, 'rag_search_latency': 0.00022968091070652008}
... Found context 'sigcomm2023_janus': {'status': 'success', 'rag_context_key': 'click', 'rag_latency': 0.005533591844141483, 'rag_encode_latency': 0.005302858538925648, 'rag_search_latency': 0.00023073330521583557}
... Found context 'sigcomm2023_janus': {'status': 'success', 'rag_context_key': 'osdi24-agrawal', 'rag_latency': 0.005797479301691055, 'rag_encode_latency': 0.005562187172472477, 'rag_search_latency': 0.00023529212921857834}
... Found context 'sigcomm2023_janus': {'status': 'success', 'rag_context_key': 'osdi24-sun-biao', 'rag_latency': 0.005681824870407581, 'rag_encode_latency': 0.0054442426189780235, 'rag_search_latency': 0.0002375822514295578}
... Found context 'sigcomm2023_janus': {'status': 'success', 'rag_context_key': 'sigcomm2023_janus', 'rag_latency': 0.005822798237204552, 'rag_encode_latency': 0.005591480061411858, 'rag_search_latency': 0.0002313181757926941}
... Found context 'sigcomm2023_janus': {'status': 'success', 'rag_context_key': 'sigcomm2023_janus', 'rag_latency': 0.005811398848891258, 'rag_encode_latency': 0.005553029477596283, 'rag_search_latency': 0.0002583693712949753}
... Found context 'sigcomm2023_janus': {'status': 'success', 'rag_context_key': 'metron-nsdi18', 'rag_latency': 0.005806297995150089, 'rag_encode_latency': 0.005566185340285301, 'rag_search_latency': 0.00024011265486478806}
... Found context 'sigcomm2023_janus': {'status': 'success', 'rag_context_key': 'sigcomm2023_janus', 'rag_latency': 0.005910300649702549, 'rag_encode_latency': 0.005673510953783989, 'rag_search_latency': 0.00023678969591856003}
... Found context 'sigcomm2023_janus': {'status': 'success', 'rag_context_key': 'osdi24-agrawal', 'rag_latency': 0.005938708782196045, 'rag_encode_latency': 0.00569942407310009, 'rag_search_latency': 0.0002392847090959549}
... Found context 'sigcomm2023_janus': {'status': 'success', 'rag_context_key': 'osdi24-agrawal', 'rag_latency': 0.00585758313536644, 'rag_encode_latency': 0.005625806748867035, 'rag_search_latency': 0.0002317763864994049}
... Found context 'sigcomm2023_janus': {'status': 'success', 'rag_context_key': 'sigcomm2023_janus', 'rag_latency': 0.005769291892647743, 'rag_encode_latency': 0.005538748577237129, 'rag_search_latency': 0.00023054331541061401}
... Found context 'sigcomm2023_janus': {'status': 'success', 'rag_context_key': 'sigcomm2023_janus', 'rag_latency': 0.005817897617816925, 'rag_encode_latency': 0.00558627862483263, 'rag_search_latency': 0.0002316189929842949}
... Found context 'sigcomm2023_janus': {'status': 'success', 'rag_context_key': 'sigcomm2023_janus', 'rag_latency': 0.0059343911707401276, 'rag_encode_latency': 0.005695675499737263, 'rag_search_latency': 0.00023871567100286484}
... Found context 'sigcomm2023_janus': {'status': 'success', 'rag_context_key': 'sigcomm2023_janus', 'rag_latency': 0.005681115202605724, 'rag_encode_latency': 0.005447921343147755, 'rag_search_latency': 0.00023319385945796967}
... Found context 'sigcomm2023_janus': {'status': 'success', 'rag_context_key': 'osdi24-sun-biao', 'rag_latency': 0.005681293085217476, 'rag_encode_latency': 0.005442558787763119, 'rag_search_latency': 0.00023873429745435715}
... Found context 'sigcomm2023_janus': {'status': 'success', 'rag_context_key': 'sigcomm2023_janus', 'rag_latency': 0.005671580322086811, 'rag_encode_latency': 0.005417170003056526, 'rag_search_latency': 0.0002544103190302849}
... Found context 'extra-distributed-monitoring': {'status': 'success', 'rag_context_key': 'extra-finance', 'rag_latency': 0.005780911073088646, 'rag_encode_latency': 0.005558115430176258, 'rag_search_latency': 0.00022279564291238785}
... Found context 'extra-distributed-monitoring': {'status': 'success', 'rag_context_key': 'extra-distributed-monitoring', 'rag_latency': 0.005603686906397343, 'rag_encode_latency': 0.005383042618632317, 'rag_search_latency': 0.0002206442877650261}
... Found context 'extra-distributed-monitoring': {'status': 'success', 'rag_context_key': 'extra-distributed-monitoring', 'rag_latency': 0.0054593682289123535, 'rag_encode_latency': 0.005245302803814411, 'rag_search_latency': 0.00021406542509794235}
... Found context 'extra-distributed-monitoring': {'status': 'success', 'rag_context_key': 'extra-distributed-monitoring', 'rag_latency': 0.005397794768214226, 'rag_encode_latency': 0.005179927684366703, 'rag_search_latency': 0.00021786708384752274}
... Found context 'extra-distributed-monitoring': {'status': 'success', 'rag_context_key': 'SplitRPC-sigmetrics23', 'rag_latency': 0.0052381278946995735, 'rag_encode_latency': 0.005019332282245159, 'rag_search_latency': 0.00021879561245441437}
... Found context 'extra-distributed-monitoring': {'status': 'success', 'rag_context_key': 'aplomb-sigcomm12', 'rag_latency': 0.005232231691479683, 'rag_encode_latency': 0.005013354122638702, 'rag_search_latency': 0.00021887756884098053}
... Found context 'extra-distributed-monitoring': {'status': 'success', 'rag_context_key': 'ServerlessLLM_summary', 'rag_latency': 0.0053426362574100494, 'rag_encode_latency': 0.005128639750182629, 'rag_search_latency': 0.0002139965072274208}
... Found context 'extra-distributed-monitoring': {'status': 'success', 'rag_context_key': 'extra-distributed-monitoring', 'rag_latency': 0.012029560282826424, 'rag_encode_latency': 0.011551347561180592, 'rag_search_latency': 0.00047821272164583206}
... Found context 'extra-distributed-monitoring': {'status': 'success', 'rag_context_key': 'extra-oss-monitoring', 'rag_latency': 0.010587980039417744, 'rag_encode_latency': 0.01013909187167883, 'rag_search_latency': 0.0004488881677389145}
... Found context 'extra-distributed-monitoring': {'status': 'success', 'rag_context_key': 'extra-distributed-monitoring', 'rag_latency': 0.007268066518008709, 'rag_encode_latency': 0.00696481391787529, 'rag_search_latency': 0.00030325260013341904}
... Found context 'extra-distributed-monitoring': {'status': 'success', 'rag_context_key': 'cacheblend', 'rag_latency': 0.007176574319601059, 'rag_encode_latency': 0.006875250488519669, 'rag_search_latency': 0.0003013238310813904}
... Found context 'extra-distributed-monitoring': {'status': 'success', 'rag_context_key': 'extra-distributed-monitoring', 'rag_latency': 0.007144967094063759, 'rag_encode_latency': 0.00684321578592062, 'rag_search_latency': 0.0003017513081431389}
... Found context 'extra-distributed-monitoring': {'status': 'success', 'rag_context_key': 'SplitRPC-sigmetrics23', 'rag_latency': 0.0070449719205498695, 'rag_encode_latency': 0.006756806746125221, 'rag_search_latency': 0.0002881651744246483}
... Found context 'extra-distributed-monitoring': {'status': 'success', 'rag_context_key': 'ServerlessLLM_summary', 'rag_latency': 0.006745780818164349, 'rag_encode_latency': 0.006480000913143158, 'rag_search_latency': 0.00026577990502119064}
... Found context 'extra-distributed-monitoring': {'status': 'success', 'rag_context_key': 'extra-distributed-monitoring', 'rag_latency': 0.006682038307189941, 'rag_encode_latency': 0.006413786672055721, 'rag_search_latency': 0.0002682516351342201}
... Found context 'extra-distributed-monitoring': {'status': 'success', 'rag_context_key': 'extra-distributed-monitoring', 'rag_latency': 0.010376201942563057, 'rag_encode_latency': 0.010044788010418415, 'rag_search_latency': 0.0003314139321446419}
... Found context 'extra-distributed-monitoring': {'status': 'success', 'rag_context_key': 'extra-oss-monitoring', 'rag_latency': 0.007499116472899914, 'rag_encode_latency': 0.007195602171123028, 'rag_search_latency': 0.000303514301776886}
... Found context 'extra-distributed-monitoring': {'status': 'success', 'rag_context_key': 'extra-distributed-monitoring', 'rag_latency': 0.007084554061293602, 'rag_encode_latency': 0.006793523207306862, 'rag_search_latency': 0.0002910308539867401}
... Found context 'extra-distributed-monitoring': {'status': 'success', 'rag_context_key': 'extra-oss-monitoring', 'rag_latency': 0.0069450680166482925, 'rag_encode_latency': 0.0066536907106637955, 'rag_search_latency': 0.00029137730598449707}
... Found context 'extra-distributed-monitoring': {'status': 'success', 'rag_context_key': 'extra-distributed-monitoring', 'rag_latency': 0.007177483290433884, 'rag_encode_latency': 0.006871892139315605, 'rag_search_latency': 0.0003055911511182785}
... Found context 'nsdi20-paper-barbette': {'status': 'success', 'rag_context_key': 'nsdi20-paper-barbette', 'rag_latency': 0.010795407928526402, 'rag_encode_latency': 0.010462536476552486, 'rag_search_latency': 0.0003328714519739151}
... Found context 'nsdi20-paper-barbette': {'status': 'success', 'rag_context_key': 'nsdi20-paper-barbette', 'rag_latency': 0.007832027040421963, 'rag_encode_latency': 0.00749760027974844, 'rag_search_latency': 0.00033442676067352295}
... Found context 'nsdi20-paper-barbette': {'status': 'success', 'rag_context_key': 'nsdi20-paper-barbette', 'rag_latency': 0.007652354426681995, 'rag_encode_latency': 0.007331417873501778, 'rag_search_latency': 0.00032093655318021774}
... Found context 'nsdi20-paper-barbette': {'status': 'success', 'rag_context_key': 'nsdi20-paper-barbette', 'rag_latency': 0.00760215800255537, 'rag_encode_latency': 0.007280899211764336, 'rag_search_latency': 0.0003212587907910347}
... Found context 'nsdi20-paper-barbette': {'status': 'success', 'rag_context_key': 'metron-nsdi18', 'rag_latency': 0.010138792917132378, 'rag_encode_latency': 0.009805850684642792, 'rag_search_latency': 0.0003329422324895859}
... Found context 'nsdi20-paper-barbette': {'status': 'success', 'rag_context_key': 'nsdi20-paper-barbette', 'rag_latency': 0.007768125273287296, 'rag_encode_latency': 0.007460813969373703, 'rag_search_latency': 0.0003073113039135933}
... Found context 'nsdi20-paper-barbette': {'status': 'success', 'rag_context_key': 'nsdi22-paper-reda_1', 'rag_latency': 0.0073568932712078094, 'rag_encode_latency': 0.0070596784353256226, 'rag_search_latency': 0.0002972148358821869}
... Found context 'nsdi20-paper-barbette': {'status': 'success', 'rag_context_key': 'nsdi20-paper-barbette', 'rag_latency': 0.007238195277750492, 'rag_encode_latency': 0.0069299787282943726, 'rag_search_latency': 0.00030821654945611954}
... Found context 'nsdi20-paper-barbette': {'status': 'success', 'rag_context_key': 'nsdi20-paper-barbette', 'rag_latency': 0.010970181785523891, 'rag_encode_latency': 0.010619260370731354, 'rag_search_latency': 0.0003509214147925377}
... Found context 'nsdi20-paper-barbette': {'status': 'success', 'rag_context_key': 'nsdi20-paper-barbette', 'rag_latency': 0.00821446068584919, 'rag_encode_latency': 0.007877485826611519, 'rag_search_latency': 0.0003369748592376709}
... Found context 'nsdi20-paper-barbette': {'status': 'success', 'rag_context_key': 'metron-nsdi18', 'rag_latency': 0.008215973153710365, 'rag_encode_latency': 0.007875174283981323, 'rag_search_latency': 0.00034079886972904205}
... Found context 'nsdi20-paper-barbette': {'status': 'success', 'rag_context_key': 'nsdi20-paper-barbette', 'rag_latency': 0.007324721664190292, 'rag_encode_latency': 0.007027643732726574, 'rag_search_latency': 0.0002970779314637184}
... Found context 'nsdi20-paper-barbette': {'status': 'success', 'rag_context_key': 'nsdi20-paper-barbette', 'rag_latency': 0.009792794473469257, 'rag_encode_latency': 0.009452036581933498, 'rag_search_latency': 0.00034075789153575897}
... Found context 'nsdi20-paper-barbette': {'status': 'success', 'rag_context_key': 'click', 'rag_latency': 0.008002485148608685, 'rag_encode_latency': 0.007674211636185646, 'rag_search_latency': 0.0003282735124230385}
... Found context 'nsdi20-paper-barbette': {'status': 'success', 'rag_context_key': 'nsdi20-paper-barbette', 'rag_latency': 0.008365141227841377, 'rag_encode_latency': 0.008022838272154331, 'rag_search_latency': 0.00034230295568704605}
... Found context 'nsdi20-paper-barbette': {'status': 'success', 'rag_context_key': 'nsdi20-paper-barbette', 'rag_latency': 0.009972810745239258, 'rag_encode_latency': 0.009632562287151814, 'rag_search_latency': 0.0003402484580874443}
... Found context 'nsdi20-paper-barbette': {'status': 'success', 'rag_context_key': 'nsdi20-paper-barbette', 'rag_latency': 0.008163023740053177, 'rag_encode_latency': 0.00781954638659954, 'rag_search_latency': 0.00034347735345363617}
... Found context 'nsdi20-paper-barbette': {'status': 'success', 'rag_context_key': 'nsdi20-paper-barbette', 'rag_latency': 0.008343184366822243, 'rag_encode_latency': 0.008002487011253834, 'rag_search_latency': 0.00034069735556840897}
... Found context 'nsdi20-paper-barbette': {'status': 'success', 'rag_context_key': 'nsdi20-paper-barbette', 'rag_latency': 0.009944870136678219, 'rag_encode_latency': 0.009617829695343971, 'rag_search_latency': 0.0003270404413342476}
... Found context 'nsdi20-paper-barbette': {'status': 'success', 'rag_context_key': 'nsdi20-paper-barbette', 'rag_latency': 0.00781549047678709, 'rag_encode_latency': 0.0074867866933345795, 'rag_search_latency': 0.00032870378345251083}
... Found context 'extra-estimate-performance': {'status': 'success', 'rag_context_key': 'extra-estimate-performance', 'rag_latency': 0.008417371660470963, 'rag_encode_latency': 0.00807639304548502, 'rag_search_latency': 0.00034097861498594284}
... Found context 'extra-estimate-performance': {'status': 'success', 'rag_context_key': 'extra-estimate-performance', 'rag_latency': 0.007476950995624065, 'rag_encode_latency': 0.007175350561738014, 'rag_search_latency': 0.0003016004338860512}
... Found context 'extra-estimate-performance': {'status': 'success', 'rag_context_key': 'extra-estimate-performance', 'rag_latency': 0.005978157743811607, 'rag_encode_latency': 0.005744584836065769, 'rag_search_latency': 0.00023357290774583817}
... Found context 'extra-estimate-performance': {'status': 'success', 'rag_context_key': 'extra-estimate-performance', 'rag_latency': 0.00583694688975811, 'rag_encode_latency': 0.0056113386526703835, 'rag_search_latency': 0.0002256082370877266}
... Found context 'extra-estimate-performance': {'status': 'success', 'rag_context_key': 'extra-estimate-performance', 'rag_latency': 0.006065552122890949, 'rag_encode_latency': 0.005842244252562523, 'rag_search_latency': 0.00022330787032842636}
... Found context 'extra-estimate-performance': {'status': 'success', 'rag_context_key': 'extra-estimate-performance', 'rag_latency': 0.005780440755188465, 'rag_encode_latency': 0.005552330985665321, 'rag_search_latency': 0.00022810976952314377}
... Found context 'extra-estimate-performance': {'status': 'success', 'rag_context_key': 'extra-estimate-performance', 'rag_latency': 0.005826782435178757, 'rag_encode_latency': 0.005597512237727642, 'rag_search_latency': 0.00022927019745111465}
... Found context 'extra-estimate-performance': {'status': 'success', 'rag_context_key': 'extra-estimate-performance', 'rag_latency': 0.005784215405583382, 'rag_encode_latency': 0.005556081421673298, 'rag_search_latency': 0.00022813398391008377}
... Found context 'extra-estimate-performance': {'status': 'success', 'rag_context_key': 'extra-estimate-performance', 'rag_latency': 0.005970918573439121, 'rag_encode_latency': 0.0057468414306640625, 'rag_search_latency': 0.00022407714277505875}
... Found context 'extra-estimate-performance': {'status': 'success', 'rag_context_key': 'extra-estimate-performance', 'rag_latency': 0.010352117009460926, 'rag_encode_latency': 0.010026808828115463, 'rag_search_latency': 0.0003253081813454628}
... Found context 'extra-estimate-performance': {'status': 'success', 'rag_context_key': 'extra-estimate-performance', 'rag_latency': 0.006931791082024574, 'rag_encode_latency': 0.006699956022202969, 'rag_search_latency': 0.00023183505982160568}
... Found context 'extra-estimate-performance': {'status': 'success', 'rag_context_key': 'extra-estimate-performance', 'rag_latency': 0.0061311665922403336, 'rag_encode_latency': 0.005899329669773579, 'rag_search_latency': 0.0002318369224667549}
... Found context 'extra-estimate-performance': {'status': 'success', 'rag_context_key': 'extra-estimate-performance', 'rag_latency': 0.011093729175627232, 'rag_encode_latency': 0.010728685185313225, 'rag_search_latency': 0.0003650439903140068}
... Found context 'extra-estimate-performance': {'status': 'success', 'rag_context_key': 'extra-estimate-performance', 'rag_latency': 0.008633308112621307, 'rag_encode_latency': 0.008270535618066788, 'rag_search_latency': 0.00036277249455451965}
... Found context 'extra-estimate-performance': {'status': 'success', 'rag_context_key': 'extra-estimate-performance', 'rag_latency': 0.008421574719250202, 'rag_encode_latency': 0.008078335784375668, 'rag_search_latency': 0.0003432389348745346}
... Found context 'extra-estimate-performance': {'status': 'success', 'rag_context_key': 'extra-estimate-performance', 'rag_latency': 0.010038131847977638, 'rag_encode_latency': 0.009685974568128586, 'rag_search_latency': 0.00035215727984905243}
... Found context 'extra-estimate-performance': {'status': 'success', 'rag_context_key': 'extra-estimate-performance', 'rag_latency': 0.008669454604387283, 'rag_encode_latency': 0.00831017829477787, 'rag_search_latency': 0.00035927630960941315}
... Found context 'extra-estimate-performance': {'status': 'success', 'rag_context_key': 'extra-estimate-performance', 'rag_latency': 0.00870793592184782, 'rag_encode_latency': 0.008351831696927547, 'rag_search_latency': 0.00035610422492027283}
... Found context 'extra-estimate-performance': {'status': 'success', 'rag_context_key': 'extra-estimate-performance', 'rag_latency': 0.006745029240846634, 'rag_encode_latency': 0.00648997537791729, 'rag_search_latency': 0.0002550538629293442}
... Found context 'extra-estimate-performance': {'status': 'success', 'rag_context_key': 'extra-estimate-performance', 'rag_latency': 0.006548416800796986, 'rag_encode_latency': 0.00629182904958725, 'rag_search_latency': 0.00025658775120973587}
... Found context 'SplitRPC-sigmetrics23': {'status': 'success', 'rag_context_key': 'SplitRPC-sigmetrics23', 'rag_latency': 0.006654057651758194, 'rag_encode_latency': 0.006391460075974464, 'rag_search_latency': 0.00026259757578372955}
... Found context 'SplitRPC-sigmetrics23': {'status': 'success', 'rag_context_key': 'SplitRPC-sigmetrics23', 'rag_latency': 0.006664520129561424, 'rag_encode_latency': 0.006407465785741806, 'rag_search_latency': 0.0002570543438196182}
... Found context 'SplitRPC-sigmetrics23': {'status': 'success', 'rag_context_key': 'SplitRPC-sigmetrics23', 'rag_latency': 0.006821184419095516, 'rag_encode_latency': 0.006556068547070026, 'rag_search_latency': 0.0002651158720254898}
... Found context 'SplitRPC-sigmetrics23': {'status': 'success', 'rag_context_key': 'SplitRPC-sigmetrics23', 'rag_latency': 0.006745672784745693, 'rag_encode_latency': 0.006479155272245407, 'rag_search_latency': 0.0002665175125002861}
... Found context 'SplitRPC-sigmetrics23': {'status': 'success', 'rag_context_key': 'extra-music', 'rag_latency': 0.006960182450711727, 'rag_encode_latency': 0.0066824667155742645, 'rag_search_latency': 0.0002777157351374626}
... Found context 'SplitRPC-sigmetrics23': {'status': 'success', 'rag_context_key': 'SplitRPC-sigmetrics23', 'rag_latency': 0.010503971949219704, 'rag_encode_latency': 0.010147995315492153, 'rag_search_latency': 0.0003559766337275505}
... Found context 'SplitRPC-sigmetrics23': {'status': 'success', 'rag_context_key': 'click', 'rag_latency': 0.008560072630643845, 'rag_encode_latency': 0.008195197209715843, 'rag_search_latency': 0.0003648754209280014}
... Found context 'SplitRPC-sigmetrics23': {'status': 'success', 'rag_context_key': 'SplitRPC-sigmetrics23', 'rag_latency': 0.008568222634494305, 'rag_encode_latency': 0.008211675100028515, 'rag_search_latency': 0.0003565475344657898}
... Found context 'SplitRPC-sigmetrics23': {'status': 'success', 'rag_context_key': 'SplitRPC-sigmetrics23', 'rag_latency': 0.009475789032876492, 'rag_encode_latency': 0.009133607149124146, 'rag_search_latency': 0.00034218188375234604}
... Found context 'SplitRPC-sigmetrics23': {'status': 'success', 'rag_context_key': 'SplitRPC-sigmetrics23', 'rag_latency': 0.008354955352842808, 'rag_encode_latency': 0.007995665073394775, 'rag_search_latency': 0.0003592902794480324}
... Found context 'SplitRPC-sigmetrics23': {'status': 'success', 'rag_context_key': 'SplitRPC-sigmetrics23', 'rag_latency': 0.008560740388929844, 'rag_encode_latency': 0.008202268742024899, 'rag_search_latency': 0.0003584716469049454}
... Found context 'SplitRPC-sigmetrics23': {'status': 'success', 'rag_context_key': 'SplitRPC-sigmetrics23', 'rag_latency': 0.009459220804274082, 'rag_encode_latency': 0.009119618684053421, 'rag_search_latency': 0.00033960212022066116}
... Found context 'SplitRPC-sigmetrics23': {'status': 'success', 'rag_context_key': 'osdi24-agrawal', 'rag_latency': 0.008189334534108639, 'rag_encode_latency': 0.007845941931009293, 'rag_search_latency': 0.00034339260309934616}
... Found context 'SplitRPC-sigmetrics23': {'status': 'success', 'rag_context_key': 'SplitRPC-sigmetrics23', 'rag_latency': 0.008659976534545422, 'rag_encode_latency': 0.008302140980958939, 'rag_search_latency': 0.000357835553586483}
... Found context 'SplitRPC-sigmetrics23': {'status': 'success', 'rag_context_key': 'SplitRPC-sigmetrics23', 'rag_latency': 0.00969361886382103, 'rag_encode_latency': 0.009354126639664173, 'rag_search_latency': 0.00033949222415685654}
... Found context 'SplitRPC-sigmetrics23': {'status': 'success', 'rag_context_key': 'SplitRPC-sigmetrics23', 'rag_latency': 0.008386987261474133, 'rag_encode_latency': 0.008046937175095081, 'rag_search_latency': 0.0003400500863790512}
... Found context 'SplitRPC-sigmetrics23': {'status': 'success', 'rag_context_key': 'sigcomm24-crux', 'rag_latency': 0.008432057686150074, 'rag_encode_latency': 0.008086913265287876, 'rag_search_latency': 0.0003451444208621979}
... Found context 'SplitRPC-sigmetrics23': {'status': 'success', 'rag_context_key': 'SplitRPC-sigmetrics23', 'rag_latency': 0.0071645379066467285, 'rag_encode_latency': 0.006889501586556435, 'rag_search_latency': 0.0002750363200902939}
... Found context 'SplitRPC-sigmetrics23': {'status': 'success', 'rag_context_key': 'SplitRPC-sigmetrics23', 'rag_latency': 0.009858106262981892, 'rag_encode_latency': 0.00948004424571991, 'rag_search_latency': 0.00037806201726198196}
... Found context 'SplitRPC-sigmetrics23': {'status': 'success', 'rag_context_key': 'extra-music', 'rag_latency': 0.008681202307343483, 'rag_encode_latency': 0.008323361165821552, 'rag_search_latency': 0.0003578411415219307}
... Found context 'extra-finance': {'status': 'success', 'rag_context_key': 'extra-music', 'rag_latency': 0.00814288854598999, 'rag_encode_latency': 0.0078036123886704445, 'rag_search_latency': 0.00033927615731954575}
... Found context 'extra-finance': {'status': 'success', 'rag_context_key': 'extra-finance', 'rag_latency': 0.009508414193987846, 'rag_encode_latency': 0.009159996174275875, 'rag_search_latency': 0.0003484180197119713}
... Found context 'extra-finance': {'status': 'success', 'rag_context_key': 'extra-finance', 'rag_latency': 0.008184526115655899, 'rag_encode_latency': 0.00784370955079794, 'rag_search_latency': 0.00034081656485795975}
... Found context 'extra-finance': {'status': 'success', 'rag_context_key': 'extra-finance', 'rag_latency': 0.008366657420992851, 'rag_encode_latency': 0.008024445734918118, 'rag_search_latency': 0.00034221168607473373}
... Found context 'extra-finance': {'status': 'success', 'rag_context_key': 'extra-finance', 'rag_latency': 0.009593132883310318, 'rag_encode_latency': 0.00926427822560072, 'rag_search_latency': 0.00032885465770959854}
... Found context 'extra-finance': {'status': 'success', 'rag_context_key': 'extra-finance', 'rag_latency': 0.007794998586177826, 'rag_encode_latency': 0.007468310184776783, 'rag_search_latency': 0.00032668840140104294}
... Found context 'extra-finance': {'status': 'success', 'rag_context_key': 'extra-finance', 'rag_latency': 0.00804892461746931, 'rag_encode_latency': 0.007710026577115059, 'rag_search_latency': 0.00033889804035425186}
... Found context 'extra-finance': {'status': 'success', 'rag_context_key': 'extra-finance', 'rag_latency': 0.00800358410924673, 'rag_encode_latency': 0.007671897299587727, 'rag_search_latency': 0.0003316868096590042}
... Found context 'extra-finance': {'status': 'success', 'rag_context_key': 'extra-finance', 'rag_latency': 0.006472539156675339, 'rag_encode_latency': 0.0062236543744802475, 'rag_search_latency': 0.00024888478219509125}
... Found context 'extra-finance': {'status': 'success', 'rag_context_key': 'extra-finance', 'rag_latency': 0.005798954516649246, 'rag_encode_latency': 0.005574614740908146, 'rag_search_latency': 0.0002243397757411003}
... Found context 'extra-finance': {'status': 'success', 'rag_context_key': 'extra-finance', 'rag_latency': 0.005934750661253929, 'rag_encode_latency': 0.0057017188519239426, 'rag_search_latency': 0.00023303180932998657}
... Found context 'extra-finance': {'status': 'success', 'rag_context_key': 'extra-finance', 'rag_latency': 0.0063010212033987045, 'rag_encode_latency': 0.006062544882297516, 'rag_search_latency': 0.00023847632110118866}
... Found context 'extra-finance': {'status': 'success', 'rag_context_key': 'extra-finance', 'rag_latency': 0.006313426420092583, 'rag_encode_latency': 0.006064997985959053, 'rag_search_latency': 0.00024842843413352966}
... Found context 'extra-finance': {'status': 'success', 'rag_context_key': 'extra-finance', 'rag_latency': 0.006354275159537792, 'rag_encode_latency': 0.006098712794482708, 'rag_search_latency': 0.00025556236505508423}
... Found context 'extra-finance': {'status': 'success', 'rag_context_key': 'extra-finance', 'rag_latency': 0.006567410193383694, 'rag_encode_latency': 0.006302754394710064, 'rag_search_latency': 0.00026465579867362976}
... Found context 'extra-finance': {'status': 'success', 'rag_context_key': 'extra-finance', 'rag_latency': 0.006819320842623711, 'rag_encode_latency': 0.00654488243162632, 'rag_search_latency': 0.00027443841099739075}
... Found context 'extra-finance': {'status': 'success', 'rag_context_key': 'extra-finance', 'rag_latency': 0.007337785325944424, 'rag_encode_latency': 0.007023734971880913, 'rag_search_latency': 0.0003140503540635109}
... Found context 'extra-finance': {'status': 'success', 'rag_context_key': 'extra-finance', 'rag_latency': 0.007724786177277565, 'rag_encode_latency': 0.0074114324524998665, 'rag_search_latency': 0.0003133537247776985}
... Found context 'extra-finance': {'status': 'success', 'rag_context_key': 'extra-estimate-performance', 'rag_latency': 0.00963164959102869, 'rag_encode_latency': 0.009290543384850025, 'rag_search_latency': 0.00034110620617866516}
... Found context 'extra-finance': {'status': 'success', 'rag_context_key': 'extra-finance', 'rag_latency': 0.008168096654117107, 'rag_encode_latency': 0.007827171124517918, 'rag_search_latency': 0.00034092552959918976}

(📝 Num of contexts: 22 contexts // Num of prompts: 440 promtps

# Accuracy: 76.81818181818181%
Plot saved to reports/rag_benchmark_22_rag_latency_vs_req_id.png
Multi-line RAG latency plot saved to reports/rag_benchmark_22_multi_rag_latency_vs_req_id.png
