# Running rag benchmark

/// Indexing contexts for RAG...
... Indexed context 'sigcomm24-crux': {'status': 'success', 'message': "Context 'sigcomm24-crux' indexed."}
... Indexed context 'extra-oss-monitoring': {'status': 'success', 'message': "Context 'extra-oss-monitoring' indexed."}
... Indexed context 'extra-music': {'status': 'success', 'message': "Context 'extra-music' indexed."}
... Indexed context 'nsdi22-paper-reda_1': {'status': 'success', 'message': "Context 'nsdi22-paper-reda_1' indexed."}
... Indexed context 'osdi24-sun-biao': {'status': 'success', 'message': "Context 'osdi24-sun-biao' indexed."}
... Indexed context 'extra-biology': {'status': 'success', 'message': "Context 'extra-biology' indexed."}
... Indexed context 'extra-compound-mape': {'status': 'success', 'message': "Context 'extra-compound-mape' indexed."}
... Indexed context 'ServerlessLLM_summary': {'status': 'success', 'message': "Context 'ServerlessLLM_summary' indexed."}
... Indexed context 'aplomb-sigcomm12': {'status': 'success', 'message': "Context 'aplomb-sigcomm12' indexed."}
... Indexed context 'vllm': {'status': 'success', 'message': "Context 'vllm' indexed."}
... Indexed context 'cacheblend': {'status': 'success', 'message': "Context 'cacheblend' indexed."}
... Indexed context 'extra-leonardo': {'status': 'success', 'message': "Context 'extra-leonardo' indexed."}
... Indexed context 'click': {'status': 'success', 'message': "Context 'click' indexed."}
... Indexed context 'osdi24-agrawal': {'status': 'success', 'message': "Context 'osdi24-agrawal' indexed."}
... Indexed context 'metron-nsdi18': {'status': 'success', 'message': "Context 'metron-nsdi18' indexed."}
... Indexed context 'osdi24-lee': {'status': 'success', 'message': "Context 'osdi24-lee' indexed."}
... Indexed context 'sigcomm2023_janus': {'status': 'success', 'message': "Context 'sigcomm2023_janus' indexed."}
... Indexed context 'extra-distributed-monitoring': {'status': 'success', 'message': "Context 'extra-distributed-monitoring' indexed."}
... Indexed context 'nsdi20-paper-barbette': {'status': 'success', 'message': "Context 'nsdi20-paper-barbette' indexed."}
... Indexed context 'extra-estimate-performance': {'status': 'success', 'message': "Context 'extra-estimate-performance' indexed."}
... Indexed context 'SplitRPC-sigmetrics23': {'status': 'success', 'message': "Context 'SplitRPC-sigmetrics23' indexed."}
... Indexed context 'extra-finance': {'status': 'success', 'message': "Context 'extra-finance' indexed."}

(📝 Indexing delay: 0.26 seconds


/// Searching contexts for RAG...
... Found context 'sigcomm24-crux': {'status': 'success', 'rag_context_key': 'sigcomm24-crux', 'rag_latency': 0.004168689250946045, 'rag_encode_latency': 0.0038973307237029076, 'rag_search_latency': 0.00027135852724313736}
... Found context 'sigcomm24-crux': {'status': 'success', 'rag_context_key': 'sigcomm24-crux', 'rag_latency': 0.0046279458329081535, 'rag_encode_latency': 0.004404032602906227, 'rag_search_latency': 0.00022391323000192642}
... Found context 'sigcomm24-crux': {'status': 'success', 'rag_context_key': 'sigcomm24-crux', 'rag_latency': 0.00504987221211195, 'rag_encode_latency': 0.004824034869670868, 'rag_search_latency': 0.000225837342441082}
... Found context 'sigcomm24-crux': {'status': 'success', 'rag_context_key': 'sigcomm24-crux', 'rag_latency': 0.005127841606736183, 'rag_encode_latency': 0.0049079665914177895, 'rag_search_latency': 0.0002198750153183937}
... Found context 'sigcomm24-crux': {'status': 'success', 'rag_context_key': 'sigcomm24-crux', 'rag_latency': 0.004965140484273434, 'rag_encode_latency': 0.004750901833176613, 'rag_search_latency': 0.00021423865109682083}
... Found context 'sigcomm24-crux': {'status': 'success', 'rag_context_key': 'sigcomm24-crux', 'rag_latency': 0.005202380940318108, 'rag_encode_latency': 0.004980253055691719, 'rag_search_latency': 0.00022212788462638855}
... Found context 'sigcomm24-crux': {'status': 'success', 'rag_context_key': 'sigcomm24-crux', 'rag_latency': 0.005128864198923111, 'rag_encode_latency': 0.004898137412965298, 'rag_search_latency': 0.00023072678595781326}
... Found context 'sigcomm24-crux': {'status': 'success', 'rag_context_key': 'sigcomm24-crux', 'rag_latency': 0.011219478212296963, 'rag_encode_latency': 0.010769412852823734, 'rag_search_latency': 0.00045006535947322845}
... Found context 'sigcomm24-crux': {'status': 'success', 'rag_context_key': 'sigcomm24-crux', 'rag_latency': 0.009988977573812008, 'rag_encode_latency': 0.009563535451889038, 'rag_search_latency': 0.0004254421219229698}
... Found context 'sigcomm24-crux': {'status': 'success', 'rag_context_key': 'sigcomm24-crux', 'rag_latency': 0.00882901344448328, 'rag_encode_latency': 0.00850809458643198, 'rag_search_latency': 0.00032091885805130005}
... Found context 'sigcomm24-crux': {'status': 'success', 'rag_context_key': 'sigcomm24-crux', 'rag_latency': 0.007216996513307095, 'rag_encode_latency': 0.006910473108291626, 'rag_search_latency': 0.0003065234050154686}
... Found context 'sigcomm24-crux': {'status': 'success', 'rag_context_key': 'sigcomm24-crux', 'rag_latency': 0.007040584459900856, 'rag_encode_latency': 0.006747272796928883, 'rag_search_latency': 0.0002933116629719734}
... Found context 'sigcomm24-crux': {'status': 'success', 'rag_context_key': 'cacheblend', 'rag_latency': 0.006843005307018757, 'rag_encode_latency': 0.00654726754873991, 'rag_search_latency': 0.00029573775827884674}
... Found context 'sigcomm24-crux': {'status': 'success', 'rag_context_key': 'sigcomm24-crux', 'rag_latency': 0.006798981688916683, 'rag_encode_latency': 0.006500523537397385, 'rag_search_latency': 0.00029845815151929855}
... Found context 'sigcomm24-crux': {'status': 'success', 'rag_context_key': 'sigcomm24-crux', 'rag_latency': 0.006712339818477631, 'rag_encode_latency': 0.006427185609936714, 'rag_search_latency': 0.00028515420854091644}
... Found context 'sigcomm24-crux': {'status': 'success', 'rag_context_key': 'sigcomm24-crux', 'rag_latency': 0.006585600785911083, 'rag_encode_latency': 0.006314420141279697, 'rag_search_latency': 0.0002711806446313858}
... Found context 'sigcomm24-crux': {'status': 'success', 'rag_context_key': 'sigcomm24-crux', 'rag_latency': 0.006525157019495964, 'rag_encode_latency': 0.006252802908420563, 'rag_search_latency': 0.0002723541110754013}
... Found context 'sigcomm24-crux': {'status': 'success', 'rag_context_key': 'aplomb-sigcomm12', 'rag_latency': 0.006069791503250599, 'rag_encode_latency': 0.005817674100399017, 'rag_search_latency': 0.0002521174028515816}
... Found context 'sigcomm24-crux': {'status': 'success', 'rag_context_key': 'sigcomm24-crux', 'rag_latency': 0.005842968821525574, 'rag_encode_latency': 0.005605759099125862, 'rag_search_latency': 0.0002372097223997116}
... Found context 'sigcomm24-crux': {'status': 'success', 'rag_context_key': 'cacheblend', 'rag_latency': 0.005786043591797352, 'rag_encode_latency': 0.005546992644667625, 'rag_search_latency': 0.0002390509471297264}
... Found context 'extra-oss-monitoring': {'status': 'success', 'rag_context_key': 'extra-estimate-performance', 'rag_latency': 0.006050577387213707, 'rag_encode_latency': 0.005802450701594353, 'rag_search_latency': 0.00024812668561935425}
... Found context 'extra-oss-monitoring': {'status': 'success', 'rag_context_key': 'extra-oss-monitoring', 'rag_latency': 0.0061094509437680244, 'rag_encode_latency': 0.005857430398464203, 'rag_search_latency': 0.00025202054530382156}
... Found context 'extra-oss-monitoring': {'status': 'success', 'rag_context_key': 'extra-oss-monitoring', 'rag_latency': 0.01066530216485262, 'rag_encode_latency': 0.010313784703612328, 'rag_search_latency': 0.0003515174612402916}
... Found context 'extra-oss-monitoring': {'status': 'success', 'rag_context_key': 'extra-oss-monitoring', 'rag_latency': 0.008096945472061634, 'rag_encode_latency': 0.0077460333704948425, 'rag_search_latency': 0.00035091210156679153}
... Found context 'extra-oss-monitoring': {'status': 'success', 'rag_context_key': 'cacheblend', 'rag_latency': 0.008262413553893566, 'rag_encode_latency': 0.00790935568511486, 'rag_search_latency': 0.0003530578687787056}
... Found context 'extra-oss-monitoring': {'status': 'success', 'rag_context_key': 'extra-oss-monitoring', 'rag_latency': 0.007442907430231571, 'rag_encode_latency': 0.007120668888092041, 'rag_search_latency': 0.0003222385421395302}
... Found context 'extra-oss-monitoring': {'status': 'success', 'rag_context_key': 'extra-estimate-performance', 'rag_latency': 0.009257900528609753, 'rag_encode_latency': 0.009002357721328735, 'rag_search_latency': 0.0002555428072810173}
... Found context 'extra-oss-monitoring': {'status': 'success', 'rag_context_key': 'extra-oss-monitoring', 'rag_latency': 0.006134144961833954, 'rag_encode_latency': 0.005904103629291058, 'rag_search_latency': 0.00023004133254289627}
... Found context 'extra-oss-monitoring': {'status': 'success', 'rag_context_key': 'extra-oss-monitoring', 'rag_latency': 0.0057336147874593735, 'rag_encode_latency': 0.005501041188836098, 'rag_search_latency': 0.00023257359862327576}
... Found context 'extra-oss-monitoring': {'status': 'success', 'rag_context_key': 'extra-oss-monitoring', 'rag_latency': 0.005857097916305065, 'rag_encode_latency': 0.005615700036287308, 'rag_search_latency': 0.00024139788001775742}
... Found context 'extra-oss-monitoring': {'status': 'success', 'rag_context_key': 'cacheblend', 'rag_latency': 0.006019065156579018, 'rag_encode_latency': 0.00577504001557827, 'rag_search_latency': 0.00024402514100074768}
... Found context 'extra-oss-monitoring': {'status': 'success', 'rag_context_key': 'extra-oss-monitoring', 'rag_latency': 0.005957640707492828, 'rag_encode_latency': 0.005716310814023018, 'rag_search_latency': 0.00024132989346981049}
... Found context 'extra-oss-monitoring': {'status': 'success', 'rag_context_key': 'extra-oss-monitoring', 'rag_latency': 0.005982263013720512, 'rag_encode_latency': 0.00574816670268774, 'rag_search_latency': 0.00023409631103277206}
... Found context 'extra-oss-monitoring': {'status': 'success', 'rag_context_key': 'extra-distributed-monitoring', 'rag_latency': 0.005808250978589058, 'rag_encode_latency': 0.00555768795311451, 'rag_search_latency': 0.00025056302547454834}
... Found context 'extra-oss-monitoring': {'status': 'success', 'rag_context_key': 'SplitRPC-sigmetrics23', 'rag_latency': 0.0062801288440823555, 'rag_encode_latency': 0.006026905961334705, 'rag_search_latency': 0.00025322288274765015}
... Found context 'extra-oss-monitoring': {'status': 'success', 'rag_context_key': 'vllm', 'rag_latency': 0.006203046999871731, 'rag_encode_latency': 0.005950114689767361, 'rag_search_latency': 0.0002529323101043701}
... Found context 'extra-oss-monitoring': {'status': 'success', 'rag_context_key': 'extra-oss-monitoring', 'rag_latency': 0.006309403106570244, 'rag_encode_latency': 0.0060554444789886475, 'rag_search_latency': 0.0002539586275815964}
... Found context 'extra-oss-monitoring': {'status': 'success', 'rag_context_key': 'extra-oss-monitoring', 'rag_latency': 0.006171680986881256, 'rag_encode_latency': 0.005910945124924183, 'rag_search_latency': 0.0002607358619570732}
... Found context 'extra-oss-monitoring': {'status': 'success', 'rag_context_key': 'extra-distributed-monitoring', 'rag_latency': 0.006148258224129677, 'rag_encode_latency': 0.005901200696825981, 'rag_search_latency': 0.0002470575273036957}
... Found context 'extra-oss-monitoring': {'status': 'success', 'rag_context_key': 'extra-oss-monitoring', 'rag_latency': 0.006053305231034756, 'rag_encode_latency': 0.0058143120259046555, 'rag_search_latency': 0.00023899320513010025}
... Found context 'extra-music': {'status': 'success', 'rag_context_key': 'cacheblend', 'rag_latency': 0.0059752268716692924, 'rag_encode_latency': 0.005731213837862015, 'rag_search_latency': 0.00024401303380727768}
... Found context 'extra-music': {'status': 'success', 'rag_context_key': 'extra-music', 'rag_latency': 0.006020922213792801, 'rag_encode_latency': 0.0057762740179896355, 'rag_search_latency': 0.00024464819580316544}
... Found context 'extra-music': {'status': 'success', 'rag_context_key': 'extra-music', 'rag_latency': 0.0062040649354457855, 'rag_encode_latency': 0.0059602027758955956, 'rag_search_latency': 0.00024386215955018997}
... Found context 'extra-music': {'status': 'success', 'rag_context_key': 'extra-music', 'rag_latency': 0.006183605641126633, 'rag_encode_latency': 0.005936804227530956, 'rag_search_latency': 0.0002468014135956764}
... Found context 'extra-music': {'status': 'success', 'rag_context_key': 'extra-music', 'rag_latency': 0.006117258220911026, 'rag_encode_latency': 0.005879530683159828, 'rag_search_latency': 0.00023772753775119781}
... Found context 'extra-music': {'status': 'success', 'rag_context_key': 'extra-music', 'rag_latency': 0.005819802172482014, 'rag_encode_latency': 0.0055814823135733604, 'rag_search_latency': 0.00023831985890865326}
... Found context 'extra-music': {'status': 'success', 'rag_context_key': 'extra-music', 'rag_latency': 0.005917423404753208, 'rag_encode_latency': 0.0056909844279289246, 'rag_search_latency': 0.0002264389768242836}
... Found context 'extra-music': {'status': 'success', 'rag_context_key': 'extra-music', 'rag_latency': 0.005941968411207199, 'rag_encode_latency': 0.0057032061740756035, 'rag_search_latency': 0.0002387622371315956}
... Found context 'extra-music': {'status': 'success', 'rag_context_key': 'extra-music', 'rag_latency': 0.006030256859958172, 'rag_encode_latency': 0.005793660879135132, 'rag_search_latency': 0.00023659598082304}
... Found context 'extra-music': {'status': 'success', 'rag_context_key': 'extra-music', 'rag_latency': 0.005832318216562271, 'rag_encode_latency': 0.005584564991295338, 'rag_search_latency': 0.00024775322526693344}
... Found context 'extra-music': {'status': 'success', 'rag_context_key': 'extra-music', 'rag_latency': 0.005888729356229305, 'rag_encode_latency': 0.0056568896397948265, 'rag_search_latency': 0.00023183971643447876}
... Found context 'extra-music': {'status': 'success', 'rag_context_key': 'extra-music', 'rag_latency': 0.005643562413752079, 'rag_encode_latency': 0.005412563681602478, 'rag_search_latency': 0.00023099873214960098}
... Found context 'extra-music': {'status': 'success', 'rag_context_key': 'extra-music', 'rag_latency': 0.005792093463242054, 'rag_encode_latency': 0.005567440763115883, 'rag_search_latency': 0.0002246527001261711}
... Found context 'extra-music': {'status': 'success', 'rag_context_key': 'extra-leonardo', 'rag_latency': 0.005688205361366272, 'rag_encode_latency': 0.005465522408485413, 'rag_search_latency': 0.00022268295288085938}
... Found context 'extra-music': {'status': 'success', 'rag_context_key': 'extra-music', 'rag_latency': 0.005522300489246845, 'rag_encode_latency': 0.005299150012433529, 'rag_search_latency': 0.00022315047681331635}
... Found context 'extra-music': {'status': 'success', 'rag_context_key': 'extra-music', 'rag_latency': 0.005602073855698109, 'rag_encode_latency': 0.005372657440602779, 'rag_search_latency': 0.00022941641509532928}
... Found context 'extra-music': {'status': 'success', 'rag_context_key': 'extra-music', 'rag_latency': 0.005868421867489815, 'rag_encode_latency': 0.005636097863316536, 'rag_search_latency': 0.0002323240041732788}
... Found context 'extra-music': {'status': 'success', 'rag_context_key': 'extra-music', 'rag_latency': 0.00596353504806757, 'rag_encode_latency': 0.005724809132516384, 'rag_search_latency': 0.0002387259155511856}
... Found context 'extra-music': {'status': 'success', 'rag_context_key': 'extra-music', 'rag_latency': 0.005884982645511627, 'rag_encode_latency': 0.005652950145304203, 'rag_search_latency': 0.00023203250020742416}
... Found context 'extra-music': {'status': 'success', 'rag_context_key': 'extra-music', 'rag_latency': 0.005734670907258987, 'rag_encode_latency': 0.005505609326064587, 'rag_search_latency': 0.0002290615811944008}
... Found context 'nsdi22-paper-reda_1': {'status': 'success', 'rag_context_key': 'nsdi22-paper-reda_1', 'rag_latency': 0.005388186313211918, 'rag_encode_latency': 0.005147126503288746, 'rag_search_latency': 0.000241059809923172}
... Found context 'nsdi22-paper-reda_1': {'status': 'success', 'rag_context_key': 'nsdi22-paper-reda_1', 'rag_latency': 0.005626433528959751, 'rag_encode_latency': 0.005394700914621353, 'rag_search_latency': 0.00023173261433839798}
... Found context 'nsdi22-paper-reda_1': {'status': 'success', 'rag_context_key': 'nsdi22-paper-reda_1', 'rag_latency': 0.00608560536056757, 'rag_encode_latency': 0.005830119363963604, 'rag_search_latency': 0.00025548599660396576}
... Found context 'nsdi22-paper-reda_1': {'status': 'success', 'rag_context_key': 'nsdi22-paper-reda_1', 'rag_latency': 0.007423345930874348, 'rag_encode_latency': 0.007144193165004253, 'rag_search_latency': 0.0002791527658700943}
... Found context 'nsdi22-paper-reda_1': {'status': 'success', 'rag_context_key': 'nsdi22-paper-reda_1', 'rag_latency': 0.0071989744901657104, 'rag_encode_latency': 0.006893525831401348, 'rag_search_latency': 0.00030544865876436234}
... Found context 'nsdi22-paper-reda_1': {'status': 'success', 'rag_context_key': 'extra-compound-mape', 'rag_latency': 0.006808152422308922, 'rag_encode_latency': 0.00653021689504385, 'rag_search_latency': 0.00027793552726507187}
... Found context 'nsdi22-paper-reda_1': {'status': 'success', 'rag_context_key': 'nsdi22-paper-reda_1', 'rag_latency': 0.010099638253450394, 'rag_encode_latency': 0.00973793026059866, 'rag_search_latency': 0.00036170799285173416}
... Found context 'nsdi22-paper-reda_1': {'status': 'success', 'rag_context_key': 'nsdi22-paper-reda_1', 'rag_latency': 0.008483081124722958, 'rag_encode_latency': 0.008122555911540985, 'rag_search_latency': 0.0003605252131819725}
... Found context 'nsdi22-paper-reda_1': {'status': 'success', 'rag_context_key': 'nsdi22-paper-reda_1', 'rag_latency': 0.008775467053055763, 'rag_encode_latency': 0.008416811004281044, 'rag_search_latency': 0.00035865604877471924}
... Found context 'nsdi22-paper-reda_1': {'status': 'success', 'rag_context_key': 'nsdi22-paper-reda_1', 'rag_latency': 0.009473005309700966, 'rag_encode_latency': 0.009127743542194366, 'rag_search_latency': 0.0003452617675065994}
... Found context 'nsdi22-paper-reda_1': {'status': 'success', 'rag_context_key': 'nsdi22-paper-reda_1', 'rag_latency': 0.008358652703464031, 'rag_encode_latency': 0.007993392646312714, 'rag_search_latency': 0.0003652600571513176}
... Found context 'nsdi22-paper-reda_1': {'status': 'success', 'rag_context_key': 'nsdi22-paper-reda_1', 'rag_latency': 0.008300703950226307, 'rag_encode_latency': 0.007955641485750675, 'rag_search_latency': 0.0003450624644756317}
... Found context 'nsdi22-paper-reda_1': {'status': 'success', 'rag_context_key': 'SplitRPC-sigmetrics23', 'rag_latency': 0.009933319874107838, 'rag_encode_latency': 0.009586719796061516, 'rag_search_latency': 0.00034660007804632187}
... Found context 'nsdi22-paper-reda_1': {'status': 'success', 'rag_context_key': 'SplitRPC-sigmetrics23', 'rag_latency': 0.00814130064100027, 'rag_encode_latency': 0.007794497534632683, 'rag_search_latency': 0.00034680310636758804}
... Found context 'nsdi22-paper-reda_1': {'status': 'success', 'rag_context_key': 'metron-nsdi18', 'rag_latency': 0.007785388268530369, 'rag_encode_latency': 0.007421884685754776, 'rag_search_latency': 0.0003635035827755928}
... Found context 'nsdi22-paper-reda_1': {'status': 'success', 'rag_context_key': 'nsdi22-paper-reda_1', 'rag_latency': 0.010927354916930199, 'rag_encode_latency': 0.01055136788636446, 'rag_search_latency': 0.0003759870305657387}
... Found context 'nsdi22-paper-reda_1': {'status': 'success', 'rag_context_key': 'nsdi22-paper-reda_1', 'rag_latency': 0.008284500800073147, 'rag_encode_latency': 0.00794261321425438, 'rag_search_latency': 0.00034188758581876755}
... Found context 'nsdi22-paper-reda_1': {'status': 'success', 'rag_context_key': 'aplomb-sigcomm12', 'rag_latency': 0.008262041956186295, 'rag_encode_latency': 0.007919484749436378, 'rag_search_latency': 0.0003425572067499161}
... Found context 'nsdi22-paper-reda_1': {'status': 'success', 'rag_context_key': 'nsdi22-paper-reda_1', 'rag_latency': 0.0070451730862259865, 'rag_encode_latency': 0.006764877587556839, 'rag_search_latency': 0.0002802954986691475}
... Found context 'nsdi22-paper-reda_1': {'status': 'success', 'rag_context_key': 'nsdi22-paper-reda_1', 'rag_latency': 0.0062770722433924675, 'rag_encode_latency': 0.006034902296960354, 'rag_search_latency': 0.00024216994643211365}
... Found context 'osdi24-sun-biao': {'status': 'success', 'rag_context_key': 'osdi24-sun-biao', 'rag_latency': 0.006039775907993317, 'rag_encode_latency': 0.005804008804261684, 'rag_search_latency': 0.00023576710373163223}
... Found context 'osdi24-sun-biao': {'status': 'success', 'rag_context_key': 'osdi24-sun-biao', 'rag_latency': 0.00627320259809494, 'rag_encode_latency': 0.006015351973474026, 'rag_search_latency': 0.00025785062462091446}
... Found context 'osdi24-sun-biao': {'status': 'success', 'rag_context_key': 'osdi24-sun-biao', 'rag_latency': 0.00647968053817749, 'rag_encode_latency': 0.0062083834782242775, 'rag_search_latency': 0.00027129705995321274}
... Found context 'osdi24-sun-biao': {'status': 'success', 'rag_context_key': 'osdi24-sun-biao', 'rag_latency': 0.00665116123855114, 'rag_encode_latency': 0.006393361836671829, 'rag_search_latency': 0.0002577994018793106}
... Found context 'osdi24-sun-biao': {'status': 'success', 'rag_context_key': 'osdi24-sun-biao', 'rag_latency': 0.006582478992640972, 'rag_encode_latency': 0.006323117762804031, 'rag_search_latency': 0.00025936122983694077}
... Found context 'osdi24-sun-biao': {'status': 'success', 'rag_context_key': 'osdi24-sun-biao', 'rag_latency': 0.006698195822536945, 'rag_encode_latency': 0.006428329274058342, 'rag_search_latency': 0.00026986654847860336}
... Found context 'osdi24-sun-biao': {'status': 'success', 'rag_context_key': 'vllm', 'rag_latency': 0.006837909109890461, 'rag_encode_latency': 0.006555899977684021, 'rag_search_latency': 0.00028200913220643997}
... Found context 'osdi24-sun-biao': {'status': 'success', 'rag_context_key': 'osdi24-sun-biao', 'rag_latency': 0.006884396076202393, 'rag_encode_latency': 0.006604991853237152, 'rag_search_latency': 0.0002794042229652405}
... Found context 'osdi24-sun-biao': {'status': 'success', 'rag_context_key': 'osdi24-sun-biao', 'rag_latency': 0.006583642214536667, 'rag_encode_latency': 0.006324887275695801, 'rag_search_latency': 0.0002587549388408661}
... Found context 'osdi24-sun-biao': {'status': 'success', 'rag_context_key': 'metron-nsdi18', 'rag_latency': 0.010227655991911888, 'rag_encode_latency': 0.009880498051643372, 'rag_search_latency': 0.00034715794026851654}
... Found context 'osdi24-sun-biao': {'status': 'success', 'rag_context_key': 'SplitRPC-sigmetrics23', 'rag_latency': 0.00797358900308609, 'rag_encode_latency': 0.007643255405128002, 'rag_search_latency': 0.0003303335979580879}
... Found context 'osdi24-sun-biao': {'status': 'success', 'rag_context_key': 'osdi24-sun-biao', 'rag_latency': 0.008254988119006157, 'rag_encode_latency': 0.007907499559223652, 'rag_search_latency': 0.00034748855978250504}
... Found context 'osdi24-sun-biao': {'status': 'success', 'rag_context_key': 'osdi24-agrawal', 'rag_latency': 0.01626204513013363, 'rag_encode_latency': 0.015765163116157055, 'rag_search_latency': 0.0004968820139765739}
... Found context 'osdi24-sun-biao': {'status': 'success', 'rag_context_key': 'osdi24-agrawal', 'rag_latency': 0.009978282265365124, 'rag_encode_latency': 0.00963315274566412, 'rag_search_latency': 0.00034512951970100403}
... Found context 'osdi24-sun-biao': {'status': 'success', 'rag_context_key': 'osdi24-sun-biao', 'rag_latency': 0.008003788068890572, 'rag_encode_latency': 0.007665777578949928, 'rag_search_latency': 0.0003380104899406433}
... Found context 'osdi24-sun-biao': {'status': 'success', 'rag_context_key': 'osdi24-sun-biao', 'rag_latency': 0.00800604373216629, 'rag_encode_latency': 0.007658538408577442, 'rag_search_latency': 0.0003475053235888481}
... Found context 'osdi24-sun-biao': {'status': 'success', 'rag_context_key': 'osdi24-sun-biao', 'rag_latency': 0.010325050912797451, 'rag_encode_latency': 0.009980840608477592, 'rag_search_latency': 0.00034421030431985855}
... Found context 'osdi24-sun-biao': {'status': 'success', 'rag_context_key': 'osdi24-sun-biao', 'rag_latency': 0.008366584777832031, 'rag_encode_latency': 0.0080111688002944, 'rag_search_latency': 0.000355415977537632}
... Found context 'osdi24-sun-biao': {'status': 'success', 'rag_context_key': 'osdi24-sun-biao', 'rag_latency': 0.00812885444611311, 'rag_encode_latency': 0.007783233188092709, 'rag_search_latency': 0.000345621258020401}
... Found context 'osdi24-sun-biao': {'status': 'success', 'rag_context_key': 'osdi24-sun-biao', 'rag_latency': 0.009957445785403252, 'rag_encode_latency': 0.009608061984181404, 'rag_search_latency': 0.00034938380122184753}
... Found context 'extra-biology': {'status': 'success', 'rag_context_key': 'extra-biology', 'rag_latency': 0.008125882595777512, 'rag_encode_latency': 0.007761947810649872, 'rag_search_latency': 0.00036393478512763977}
... Found context 'extra-biology': {'status': 'success', 'rag_context_key': 'extra-biology', 'rag_latency': 0.008657858707010746, 'rag_encode_latency': 0.008294228464365005, 'rag_search_latency': 0.0003636302426457405}
... Found context 'extra-biology': {'status': 'success', 'rag_context_key': 'extra-biology', 'rag_latency': 0.009296154603362083, 'rag_encode_latency': 0.00894819013774395, 'rag_search_latency': 0.00034796446561813354}
... Found context 'extra-biology': {'status': 'success', 'rag_context_key': 'extra-biology', 'rag_latency': 0.008119803853332996, 'rag_encode_latency': 0.007771914824843407, 'rag_search_latency': 0.0003478890284895897}
... Found context 'extra-biology': {'status': 'success', 'rag_context_key': 'extra-biology', 'rag_latency': 0.008123659528791904, 'rag_encode_latency': 0.007777351886034012, 'rag_search_latency': 0.0003463076427578926}
... Found context 'extra-biology': {'status': 'success', 'rag_context_key': 'extra-biology', 'rag_latency': 0.010516677983105183, 'rag_encode_latency': 0.010150217451155186, 'rag_search_latency': 0.00036646053194999695}
... Found context 'extra-biology': {'status': 'success', 'rag_context_key': 'extra-biology', 'rag_latency': 0.008509728126227856, 'rag_encode_latency': 0.0081477677449584, 'rag_search_latency': 0.00036196038126945496}
... Found context 'extra-biology': {'status': 'success', 'rag_context_key': 'extra-biology', 'rag_latency': 0.00893643219023943, 'rag_encode_latency': 0.00855327770113945, 'rag_search_latency': 0.0003831544890999794}
... Found context 'extra-biology': {'status': 'success', 'rag_context_key': 'extra-biology', 'rag_latency': 0.006690184585750103, 'rag_encode_latency': 0.006418836303055286, 'rag_search_latency': 0.0002713482826948166}
... Found context 'extra-biology': {'status': 'success', 'rag_context_key': 'extra-biology', 'rag_latency': 0.0066668568179011345, 'rag_encode_latency': 0.006405326537787914, 'rag_search_latency': 0.0002615302801132202}
... Found context 'extra-biology': {'status': 'success', 'rag_context_key': 'extra-biology', 'rag_latency': 0.006619425490498543, 'rag_encode_latency': 0.006358574144542217, 'rag_search_latency': 0.00026085134595632553}
... Found context 'extra-biology': {'status': 'success', 'rag_context_key': 'extra-biology', 'rag_latency': 0.006767424754798412, 'rag_encode_latency': 0.006481313146650791, 'rag_search_latency': 0.00028611160814762115}
... Found context 'extra-biology': {'status': 'success', 'rag_context_key': 'extra-biology', 'rag_latency': 0.006666471250355244, 'rag_encode_latency': 0.006396732293069363, 'rag_search_latency': 0.00026973895728588104}
... Found context 'extra-biology': {'status': 'success', 'rag_context_key': 'extra-biology', 'rag_latency': 0.007034215144813061, 'rag_encode_latency': 0.00674944743514061, 'rag_search_latency': 0.000284767709672451}
... Found context 'extra-biology': {'status': 'success', 'rag_context_key': 'extra-biology', 'rag_latency': 0.006953837350010872, 'rag_encode_latency': 0.006674992851912975, 'rag_search_latency': 0.0002788444980978966}
... Found context 'extra-biology': {'status': 'success', 'rag_context_key': 'extra-biology', 'rag_latency': 0.010578685440123081, 'rag_encode_latency': 0.010217931121587753, 'rag_search_latency': 0.0003607543185353279}
... Found context 'extra-biology': {'status': 'success', 'rag_context_key': 'extra-biology', 'rag_latency': 0.008756457827985287, 'rag_encode_latency': 0.008394572883844376, 'rag_search_latency': 0.0003618849441409111}
... Found context 'extra-biology': {'status': 'success', 'rag_context_key': 'extra-biology', 'rag_latency': 0.008793191984295845, 'rag_encode_latency': 0.00841677375137806, 'rag_search_latency': 0.00037641823291778564}
... Found context 'extra-biology': {'status': 'success', 'rag_context_key': 'extra-biology', 'rag_latency': 0.0065838368609547615, 'rag_encode_latency': 0.006325176917016506, 'rag_search_latency': 0.0002586599439382553}
... Found context 'extra-biology': {'status': 'success', 'rag_context_key': 'extra-biology', 'rag_latency': 0.006117352284491062, 'rag_encode_latency': 0.005885621532797813, 'rag_search_latency': 0.00023173075169324875}
... Found context 'extra-compound-mape': {'status': 'success', 'rag_context_key': 'extra-compound-mape', 'rag_latency': 0.0063366275280714035, 'rag_encode_latency': 0.006079855374991894, 'rag_search_latency': 0.00025677215307950974}
... Found context 'extra-compound-mape': {'status': 'success', 'rag_context_key': 'extra-compound-mape', 'rag_latency': 0.006606600247323513, 'rag_encode_latency': 0.0063379984349012375, 'rag_search_latency': 0.00026860181242227554}
... Found context 'extra-compound-mape': {'status': 'success', 'rag_context_key': 'extra-compound-mape', 'rag_latency': 0.006888942793011665, 'rag_encode_latency': 0.00661949347704649, 'rag_search_latency': 0.00026944931596517563}
... Found context 'extra-compound-mape': {'status': 'success', 'rag_context_key': 'extra-compound-mape', 'rag_latency': 0.006967619061470032, 'rag_encode_latency': 0.006688863970339298, 'rag_search_latency': 0.0002787550911307335}
... Found context 'extra-compound-mape': {'status': 'success', 'rag_context_key': 'extra-compound-mape', 'rag_latency': 0.00731450691819191, 'rag_encode_latency': 0.007008504122495651, 'rag_search_latency': 0.00030600279569625854}
... Found context 'extra-compound-mape': {'status': 'success', 'rag_context_key': 'extra-compound-mape', 'rag_latency': 0.007140366360545158, 'rag_encode_latency': 0.006859300658106804, 'rag_search_latency': 0.0002810657024383545}
... Found context 'extra-compound-mape': {'status': 'success', 'rag_context_key': 'extra-compound-mape', 'rag_latency': 0.010450580157339573, 'rag_encode_latency': 0.0100704999640584, 'rag_search_latency': 0.0003800801932811737}
... Found context 'extra-compound-mape': {'status': 'success', 'rag_context_key': 'extra-compound-mape', 'rag_latency': 0.009182740934193134, 'rag_encode_latency': 0.00880142580717802, 'rag_search_latency': 0.00038131512701511383}
... Found context 'extra-compound-mape': {'status': 'success', 'rag_context_key': 'extra-biology', 'rag_latency': 0.008697566576302052, 'rag_encode_latency': 0.008332714438438416, 'rag_search_latency': 0.000364852137863636}
... Found context 'extra-compound-mape': {'status': 'success', 'rag_context_key': 'extra-compound-mape', 'rag_latency': 0.0064031993970274925, 'rag_encode_latency': 0.006152685731649399, 'rag_search_latency': 0.0002505136653780937}
... Found context 'extra-compound-mape': {'status': 'success', 'rag_context_key': 'SplitRPC-sigmetrics23', 'rag_latency': 0.006486939266324043, 'rag_encode_latency': 0.006242463365197182, 'rag_search_latency': 0.00024447590112686157}
... Found context 'extra-compound-mape': {'status': 'success', 'rag_context_key': 'extra-compound-mape', 'rag_latency': 0.006301254965364933, 'rag_encode_latency': 0.0060493675991892815, 'rag_search_latency': 0.00025188736617565155}
... Found context 'extra-compound-mape': {'status': 'success', 'rag_context_key': 'extra-compound-mape', 'rag_latency': 0.006504266522824764, 'rag_encode_latency': 0.006243768148124218, 'rag_search_latency': 0.00026049837470054626}
... Found context 'extra-compound-mape': {'status': 'success', 'rag_context_key': 'extra-compound-mape', 'rag_latency': 0.006615167483687401, 'rag_encode_latency': 0.006363010033965111, 'rag_search_latency': 0.00025215744972229004}
... Found context 'extra-compound-mape': {'status': 'success', 'rag_context_key': 'extra-oss-monitoring', 'rag_latency': 0.0064816661179065704, 'rag_encode_latency': 0.00622869748622179, 'rag_search_latency': 0.0002529686316847801}
... Found context 'extra-compound-mape': {'status': 'success', 'rag_context_key': 'extra-compound-mape', 'rag_latency': 0.008786008693277836, 'rag_encode_latency': 0.008513460867106915, 'rag_search_latency': 0.0002725478261709213}
... Found context 'extra-compound-mape': {'status': 'success', 'rag_context_key': 'extra-compound-mape', 'rag_latency': 0.006284861825406551, 'rag_encode_latency': 0.006041821092367172, 'rag_search_latency': 0.00024304073303937912}
... Found context 'extra-compound-mape': {'status': 'success', 'rag_context_key': 'extra-compound-mape', 'rag_latency': 0.011118019931018353, 'rag_encode_latency': 0.010721631348133087, 'rag_search_latency': 0.00039638858288526535}
... Found context 'extra-compound-mape': {'status': 'success', 'rag_context_key': 'extra-compound-mape', 'rag_latency': 0.009706122800707817, 'rag_encode_latency': 0.009313962422311306, 'rag_search_latency': 0.0003921603783965111}
... Found context 'extra-compound-mape': {'status': 'success', 'rag_context_key': 'extra-compound-mape', 'rag_latency': 0.009939450770616531, 'rag_encode_latency': 0.009591493755578995, 'rag_search_latency': 0.0003479570150375366}
... Found context 'ServerlessLLM_summary': {'status': 'success', 'rag_context_key': 'ServerlessLLM_summary', 'rag_latency': 0.00803747121244669, 'rag_encode_latency': 0.007718573324382305, 'rag_search_latency': 0.00031889788806438446}
... Found context 'ServerlessLLM_summary': {'status': 'success', 'rag_context_key': 'ServerlessLLM_summary', 'rag_latency': 0.00786682590842247, 'rag_encode_latency': 0.00753678847104311, 'rag_search_latency': 0.0003300374373793602}
... Found context 'ServerlessLLM_summary': {'status': 'success', 'rag_context_key': 'ServerlessLLM_summary', 'rag_latency': 0.010547271929681301, 'rag_encode_latency': 0.010213702917098999, 'rag_search_latency': 0.0003335690125823021}
... Found context 'ServerlessLLM_summary': {'status': 'success', 'rag_context_key': 'ServerlessLLM_summary', 'rag_latency': 0.007843845523893833, 'rag_encode_latency': 0.007526439614593983, 'rag_search_latency': 0.00031740590929985046}
... Found context 'ServerlessLLM_summary': {'status': 'success', 'rag_context_key': 'ServerlessLLM_summary', 'rag_latency': 0.007949955761432648, 'rag_encode_latency': 0.007607663050293922, 'rag_search_latency': 0.0003422927111387253}
... Found context 'ServerlessLLM_summary': {'status': 'success', 'rag_context_key': 'ServerlessLLM_summary', 'rag_latency': 0.007486592046916485, 'rag_encode_latency': 0.007164967246353626, 'rag_search_latency': 0.0003216248005628586}
... Found context 'ServerlessLLM_summary': {'status': 'success', 'rag_context_key': 'ServerlessLLM_summary', 'rag_latency': 0.006326460279524326, 'rag_encode_latency': 0.0060739703476428986, 'rag_search_latency': 0.00025248993188142776}
... Found context 'ServerlessLLM_summary': {'status': 'success', 'rag_context_key': 'ServerlessLLM_summary', 'rag_latency': 0.0111942607909441, 'rag_encode_latency': 0.010761009529232979, 'rag_search_latency': 0.0004332512617111206}
... Found context 'ServerlessLLM_summary': {'status': 'success', 'rag_context_key': 'ServerlessLLM_summary', 'rag_latency': 0.010189127177000046, 'rag_encode_latency': 0.009754830971360207, 'rag_search_latency': 0.00043429620563983917}
... Found context 'ServerlessLLM_summary': {'status': 'success', 'rag_context_key': 'ServerlessLLM_summary', 'rag_latency': 0.007142509333789349, 'rag_encode_latency': 0.006858431734144688, 'rag_search_latency': 0.00028407759964466095}
... Found context 'ServerlessLLM_summary': {'status': 'success', 'rag_context_key': 'ServerlessLLM_summary', 'rag_latency': 0.006999620236456394, 'rag_encode_latency': 0.006723257713019848, 'rag_search_latency': 0.0002763625234365463}
... Found context 'ServerlessLLM_summary': {'status': 'success', 'rag_context_key': 'ServerlessLLM_summary', 'rag_latency': 0.006882907822728157, 'rag_encode_latency': 0.00662080105394125, 'rag_search_latency': 0.0002621067687869072}
... Found context 'ServerlessLLM_summary': {'status': 'success', 'rag_context_key': 'ServerlessLLM_summary', 'rag_latency': 0.006719629280269146, 'rag_encode_latency': 0.006455283612012863, 'rag_search_latency': 0.0002643456682562828}
... Found context 'ServerlessLLM_summary': {'status': 'success', 'rag_context_key': 'ServerlessLLM_summary', 'rag_latency': 0.006725749932229519, 'rag_encode_latency': 0.006460881792008877, 'rag_search_latency': 0.0002648681402206421}
... Found context 'ServerlessLLM_summary': {'status': 'success', 'rag_context_key': 'osdi24-sun-biao', 'rag_latency': 0.006725023500621319, 'rag_encode_latency': 0.006456554867327213, 'rag_search_latency': 0.00026846863329410553}
... Found context 'ServerlessLLM_summary': {'status': 'success', 'rag_context_key': 'osdi24-sun-biao', 'rag_latency': 0.006582343950867653, 'rag_encode_latency': 0.006323416717350483, 'rag_search_latency': 0.00025892723351716995}
... Found context 'ServerlessLLM_summary': {'status': 'success', 'rag_context_key': 'ServerlessLLM_summary', 'rag_latency': 0.00631569791585207, 'rag_encode_latency': 0.006075134500861168, 'rag_search_latency': 0.00024056341499090195}
... Found context 'ServerlessLLM_summary': {'status': 'success', 'rag_context_key': 'ServerlessLLM_summary', 'rag_latency': 0.010928917676210403, 'rag_encode_latency': 0.010547528974711895, 'rag_search_latency': 0.00038138870149850845}
... Found context 'ServerlessLLM_summary': {'status': 'success', 'rag_context_key': 'ServerlessLLM_summary', 'rag_latency': 0.009252578020095825, 'rag_encode_latency': 0.008869672194123268, 'rag_search_latency': 0.00038290582597255707}
... Found context 'ServerlessLLM_summary': {'status': 'success', 'rag_context_key': 'ServerlessLLM_summary', 'rag_latency': 0.008407210931181908, 'rag_encode_latency': 0.008063037879765034, 'rag_search_latency': 0.00034417305141687393}
... Found context 'aplomb-sigcomm12': {'status': 'success', 'rag_context_key': 'extra-music', 'rag_latency': 0.006288297474384308, 'rag_encode_latency': 0.006031930446624756, 'rag_search_latency': 0.000256367027759552}
... Found context 'aplomb-sigcomm12': {'status': 'success', 'rag_context_key': 'aplomb-sigcomm12', 'rag_latency': 0.005979117937386036, 'rag_encode_latency': 0.005740571767091751, 'rag_search_latency': 0.00023854617029428482}
... Found context 'aplomb-sigcomm12': {'status': 'success', 'rag_context_key': 'aplomb-sigcomm12', 'rag_latency': 0.006348022259771824, 'rag_encode_latency': 0.0060868654400110245, 'rag_search_latency': 0.0002611568197607994}
... Found context 'aplomb-sigcomm12': {'status': 'success', 'rag_context_key': 'aplomb-sigcomm12', 'rag_latency': 0.006360833533108234, 'rag_encode_latency': 0.00610554963350296, 'rag_search_latency': 0.0002552838996052742}
... Found context 'aplomb-sigcomm12': {'status': 'success', 'rag_context_key': 'aplomb-sigcomm12', 'rag_latency': 0.006231256760656834, 'rag_encode_latency': 0.005983802489936352, 'rag_search_latency': 0.00024745427072048187}
... Found context 'aplomb-sigcomm12': {'status': 'success', 'rag_context_key': 'nsdi22-paper-reda_1', 'rag_latency': 0.006114885210990906, 'rag_encode_latency': 0.0058677904307842255, 'rag_search_latency': 0.0002470947802066803}
... Found context 'aplomb-sigcomm12': {'status': 'success', 'rag_context_key': 'SplitRPC-sigmetrics23', 'rag_latency': 0.006149342283606529, 'rag_encode_latency': 0.005908271297812462, 'rag_search_latency': 0.00024107098579406738}
... Found context 'aplomb-sigcomm12': {'status': 'success', 'rag_context_key': 'click', 'rag_latency': 0.006182248704135418, 'rag_encode_latency': 0.005929348990321159, 'rag_search_latency': 0.0002528997138142586}
... Found context 'aplomb-sigcomm12': {'status': 'success', 'rag_context_key': 'click', 'rag_latency': 0.0063589271157979965, 'rag_encode_latency': 0.006098720245063305, 'rag_search_latency': 0.0002602068707346916}
... Found context 'aplomb-sigcomm12': {'status': 'success', 'rag_context_key': 'click', 'rag_latency': 0.006547417491674423, 'rag_encode_latency': 0.006289240904152393, 'rag_search_latency': 0.0002581765875220299}
... Found context 'aplomb-sigcomm12': {'status': 'success', 'rag_context_key': 'osdi24-agrawal', 'rag_latency': 0.011323927901685238, 'rag_encode_latency': 0.011097732000052929, 'rag_search_latency': 0.00022619590163230896}
... Found context 'aplomb-sigcomm12': {'status': 'success', 'rag_context_key': 'aplomb-sigcomm12', 'rag_latency': 0.004971668124198914, 'rag_encode_latency': 0.004769105464220047, 'rag_search_latency': 0.00020256265997886658}
... Found context 'aplomb-sigcomm12': {'status': 'success', 'rag_context_key': 'extra-estimate-performance', 'rag_latency': 0.0048908330500125885, 'rag_encode_latency': 0.00468786433339119, 'rag_search_latency': 0.00020296871662139893}
... Found context 'aplomb-sigcomm12': {'status': 'success', 'rag_context_key': 'osdi24-sun-biao', 'rag_latency': 0.005254598334431648, 'rag_encode_latency': 0.005036664195358753, 'rag_search_latency': 0.00021793413907289505}
... Found context 'aplomb-sigcomm12': {'status': 'success', 'rag_context_key': 'aplomb-sigcomm12', 'rag_latency': 0.011992230080068111, 'rag_encode_latency': 0.011535752564668655, 'rag_search_latency': 0.000456477515399456}
... Found context 'aplomb-sigcomm12': {'status': 'success', 'rag_context_key': 'extra-biology', 'rag_latency': 0.010142778977751732, 'rag_encode_latency': 0.009709258563816547, 'rag_search_latency': 0.0004335204139351845}
... Found context 'aplomb-sigcomm12': {'status': 'success', 'rag_context_key': 'extra-music', 'rag_latency': 0.007453432306647301, 'rag_encode_latency': 0.007147348485887051, 'rag_search_latency': 0.0003060838207602501}
... Found context 'aplomb-sigcomm12': {'status': 'success', 'rag_context_key': 'aplomb-sigcomm12', 'rag_latency': 0.007200670428574085, 'rag_encode_latency': 0.006896450184285641, 'rag_search_latency': 0.0003042202442884445}
... Found context 'aplomb-sigcomm12': {'status': 'success', 'rag_context_key': 'extra-biology', 'rag_latency': 0.00724025908857584, 'rag_encode_latency': 0.006935064680874348, 'rag_search_latency': 0.0003051944077014923}
... Found context 'aplomb-sigcomm12': {'status': 'success', 'rag_context_key': 'aplomb-sigcomm12', 'rag_latency': 0.007462990470230579, 'rag_encode_latency': 0.007143966853618622, 'rag_search_latency': 0.00031902361661195755}
... Found context 'vllm': {'status': 'success', 'rag_context_key': 'vllm', 'rag_latency': 0.007154757156968117, 'rag_encode_latency': 0.006868190132081509, 'rag_search_latency': 0.0002865670248866081}
... Found context 'vllm': {'status': 'success', 'rag_context_key': 'ServerlessLLM_summary', 'rag_latency': 0.009955378249287605, 'rag_encode_latency': 0.00959091167896986, 'rag_search_latency': 0.0003644665703177452}
... Found context 'vllm': {'status': 'success', 'rag_context_key': 'sigcomm24-crux', 'rag_latency': 0.008936963975429535, 'rag_encode_latency': 0.008569729514420033, 'rag_search_latency': 0.0003672344610095024}
... Found context 'vllm': {'status': 'success', 'rag_context_key': 'osdi24-lee', 'rag_latency': 0.008749051950871944, 'rag_encode_latency': 0.008388113230466843, 'rag_search_latency': 0.0003609387204051018}
... Found context 'vllm': {'status': 'success', 'rag_context_key': 'vllm', 'rag_latency': 0.006528438068926334, 'rag_encode_latency': 0.0062810517847537994, 'rag_search_latency': 0.00024738628417253494}
... Found context 'vllm': {'status': 'success', 'rag_context_key': 'osdi24-agrawal', 'rag_latency': 0.006133345887064934, 'rag_encode_latency': 0.005880905315279961, 'rag_search_latency': 0.00025244057178497314}
... Found context 'vllm': {'status': 'success', 'rag_context_key': 'osdi24-sun-biao', 'rag_latency': 0.006172100082039833, 'rag_encode_latency': 0.005937561392784119, 'rag_search_latency': 0.00023453868925571442}
... Found context 'vllm': {'status': 'success', 'rag_context_key': 'sigcomm24-crux', 'rag_latency': 0.006184881553053856, 'rag_encode_latency': 0.0059321364387869835, 'rag_search_latency': 0.0002527451142668724}
... Found context 'vllm': {'status': 'success', 'rag_context_key': 'osdi24-agrawal', 'rag_latency': 0.006494746543467045, 'rag_encode_latency': 0.006234792992472649, 'rag_search_latency': 0.0002599535509943962}
... Found context 'vllm': {'status': 'success', 'rag_context_key': 'vllm', 'rag_latency': 0.006491471081972122, 'rag_encode_latency': 0.00623767264187336, 'rag_search_latency': 0.0002537984400987625}
... Found context 'vllm': {'status': 'success', 'rag_context_key': 'vllm', 'rag_latency': 0.006546933203935623, 'rag_encode_latency': 0.006292407400906086, 'rag_search_latency': 0.0002545258030295372}
... Found context 'vllm': {'status': 'success', 'rag_context_key': 'vllm', 'rag_latency': 0.0065783169120550156, 'rag_encode_latency': 0.006281391717493534, 'rag_search_latency': 0.0002969251945614815}
... Found context 'vllm': {'status': 'success', 'rag_context_key': 'osdi24-agrawal', 'rag_latency': 0.006713856942951679, 'rag_encode_latency': 0.0064528342336416245, 'rag_search_latency': 0.0002610227093100548}
... Found context 'vllm': {'status': 'success', 'rag_context_key': 'osdi24-agrawal', 'rag_latency': 0.00657808780670166, 'rag_encode_latency': 0.006315887905657291, 'rag_search_latency': 0.00026219990104436874}
... Found context 'vllm': {'status': 'success', 'rag_context_key': 'vllm', 'rag_latency': 0.006301769986748695, 'rag_encode_latency': 0.006058989092707634, 'rag_search_latency': 0.0002427808940410614}
... Found context 'vllm': {'status': 'success', 'rag_context_key': 'vllm', 'rag_latency': 0.011066163890063763, 'rag_encode_latency': 0.010673283599317074, 'rag_search_latency': 0.00039288029074668884}
... Found context 'vllm': {'status': 'success', 'rag_context_key': 'osdi24-lee', 'rag_latency': 0.009035571478307247, 'rag_encode_latency': 0.008650821633636951, 'rag_search_latency': 0.0003847498446702957}
... Found context 'vllm': {'status': 'success', 'rag_context_key': 'vllm', 'rag_latency': 0.008333971723914146, 'rag_encode_latency': 0.007985621690750122, 'rag_search_latency': 0.00034835003316402435}
... Found context 'vllm': {'status': 'success', 'rag_context_key': 'osdi24-agrawal', 'rag_latency': 0.006264351308345795, 'rag_encode_latency': 0.006016707047820091, 'rag_search_latency': 0.00024764426052570343}
... Found context 'vllm': {'status': 'success', 'rag_context_key': 'vllm', 'rag_latency': 0.005914593115448952, 'rag_encode_latency': 0.005679881200194359, 'rag_search_latency': 0.0002347119152545929}
... Found context 'cacheblend': {'status': 'success', 'rag_context_key': 'cacheblend', 'rag_latency': 0.005683142691850662, 'rag_encode_latency': 0.005452217534184456, 'rag_search_latency': 0.00023092515766620636}
... Found context 'cacheblend': {'status': 'success', 'rag_context_key': 'cacheblend', 'rag_latency': 0.00564498919993639, 'rag_encode_latency': 0.0054141925647854805, 'rag_search_latency': 0.00023079663515090942}
... Found context 'cacheblend': {'status': 'success', 'rag_context_key': 'cacheblend', 'rag_latency': 0.00572960264980793, 'rag_encode_latency': 0.0054955631494522095, 'rag_search_latency': 0.00023403950035572052}
... Found context 'cacheblend': {'status': 'success', 'rag_context_key': 'osdi24-lee', 'rag_latency': 0.005791121162474155, 'rag_encode_latency': 0.00555329117923975, 'rag_search_latency': 0.00023782998323440552}
... Found context 'cacheblend': {'status': 'success', 'rag_context_key': 'cacheblend', 'rag_latency': 0.0058509670197963715, 'rag_encode_latency': 0.005612810142338276, 'rag_search_latency': 0.00023815687745809555}
... Found context 'cacheblend': {'status': 'success', 'rag_context_key': 'osdi24-lee', 'rag_latency': 0.005958852358162403, 'rag_encode_latency': 0.005720003508031368, 'rag_search_latency': 0.00023884885013103485}
... Found context 'cacheblend': {'status': 'success', 'rag_context_key': 'cacheblend', 'rag_latency': 0.005757538601756096, 'rag_encode_latency': 0.005521033890545368, 'rag_search_latency': 0.0002365047112107277}
... Found context 'cacheblend': {'status': 'success', 'rag_context_key': 'cacheblend', 'rag_latency': 0.0066596586257219315, 'rag_encode_latency': 0.0064134541898965836, 'rag_search_latency': 0.0002462044358253479}
... Found context 'cacheblend': {'status': 'success', 'rag_context_key': 'cacheblend', 'rag_latency': 0.005843864753842354, 'rag_encode_latency': 0.005598070099949837, 'rag_search_latency': 0.0002457946538925171}
... Found context 'cacheblend': {'status': 'success', 'rag_context_key': 'nsdi20-paper-barbette', 'rag_latency': 0.006015339866280556, 'rag_encode_latency': 0.005767508409917355, 'rag_search_latency': 0.00024783145636320114}
... Found context 'cacheblend': {'status': 'success', 'rag_context_key': 'cacheblend', 'rag_latency': 0.005980334244668484, 'rag_encode_latency': 0.0057316068559885025, 'rag_search_latency': 0.00024872738867998123}
... Found context 'cacheblend': {'status': 'success', 'rag_context_key': 'cacheblend', 'rag_latency': 0.006125166080892086, 'rag_encode_latency': 0.005869668908417225, 'rag_search_latency': 0.00025549717247486115}
... Found context 'cacheblend': {'status': 'success', 'rag_context_key': 'nsdi22-paper-reda_1', 'rag_latency': 0.005931118503212929, 'rag_encode_latency': 0.005665182135999203, 'rag_search_latency': 0.00026593636721372604}
... Found context 'cacheblend': {'status': 'success', 'rag_context_key': 'cacheblend', 'rag_latency': 0.005875525996088982, 'rag_encode_latency': 0.005638333037495613, 'rag_search_latency': 0.00023719295859336853}
... Found context 'cacheblend': {'status': 'success', 'rag_context_key': 'cacheblend', 'rag_latency': 0.0058046672493219376, 'rag_encode_latency': 0.005567718297243118, 'rag_search_latency': 0.00023694895207881927}
... Found context 'cacheblend': {'status': 'success', 'rag_context_key': 'cacheblend', 'rag_latency': 0.005840251222252846, 'rag_encode_latency': 0.005604216828942299, 'rag_search_latency': 0.00023603439331054688}
... Found context 'cacheblend': {'status': 'success', 'rag_context_key': 'cacheblend', 'rag_latency': 0.005914765410125256, 'rag_encode_latency': 0.005660509690642357, 'rag_search_latency': 0.0002542557194828987}
... Found context 'cacheblend': {'status': 'success', 'rag_context_key': 'cacheblend', 'rag_latency': 0.006116230972111225, 'rag_encode_latency': 0.00586896575987339, 'rag_search_latency': 0.00024726521223783493}
... Found context 'cacheblend': {'status': 'success', 'rag_context_key': 'osdi24-lee', 'rag_latency': 0.006143181584775448, 'rag_encode_latency': 0.0058974409475922585, 'rag_search_latency': 0.0002457406371831894}
... Found context 'cacheblend': {'status': 'success', 'rag_context_key': 'cacheblend', 'rag_latency': 0.006147701293230057, 'rag_encode_latency': 0.005902575328946114, 'rag_search_latency': 0.0002451259642839432}
... Found context 'extra-leonardo': {'status': 'success', 'rag_context_key': 'extra-leonardo', 'rag_latency': 0.005995875224471092, 'rag_encode_latency': 0.0057593658566474915, 'rag_search_latency': 0.00023650936782360077}
... Found context 'extra-leonardo': {'status': 'success', 'rag_context_key': 'extra-leonardo', 'rag_latency': 0.00561278872191906, 'rag_encode_latency': 0.0053676944226026535, 'rag_search_latency': 0.00024509429931640625}
... Found context 'extra-leonardo': {'status': 'success', 'rag_context_key': 'extra-leonardo', 'rag_latency': 0.005955045111477375, 'rag_encode_latency': 0.005719244480133057, 'rag_search_latency': 0.0002358006313443184}
... Found context 'extra-leonardo': {'status': 'success', 'rag_context_key': 'extra-leonardo', 'rag_latency': 0.005788461305201054, 'rag_encode_latency': 0.005551218055188656, 'rag_search_latency': 0.00023724325001239777}
... Found context 'extra-leonardo': {'status': 'success', 'rag_context_key': 'extra-leonardo', 'rag_latency': 0.0058636972680687904, 'rag_encode_latency': 0.0056338245049119, 'rag_search_latency': 0.00022987276315689087}
... Found context 'extra-leonardo': {'status': 'success', 'rag_context_key': 'extra-leonardo', 'rag_latency': 0.005669836886227131, 'rag_encode_latency': 0.005434130318462849, 'rag_search_latency': 0.00023570656776428223}
... Found context 'extra-leonardo': {'status': 'success', 'rag_context_key': 'extra-leonardo', 'rag_latency': 0.00584184005856514, 'rag_encode_latency': 0.00561375729739666, 'rag_search_latency': 0.00022808276116847992}
... Found context 'extra-leonardo': {'status': 'success', 'rag_context_key': 'extra-leonardo', 'rag_latency': 0.005558809265494347, 'rag_encode_latency': 0.00533161498606205, 'rag_search_latency': 0.00022719427943229675}
... Found context 'extra-leonardo': {'status': 'success', 'rag_context_key': 'extra-leonardo', 'rag_latency': 0.005424247123301029, 'rag_encode_latency': 0.005196787416934967, 'rag_search_latency': 0.00022745970636606216}
... Found context 'extra-leonardo': {'status': 'success', 'rag_context_key': 'extra-leonardo', 'rag_latency': 0.0053636012598872185, 'rag_encode_latency': 0.005144086666405201, 'rag_search_latency': 0.00021951459348201752}
... Found context 'extra-leonardo': {'status': 'success', 'rag_context_key': 'extra-leonardo', 'rag_latency': 0.005675727501511574, 'rag_encode_latency': 0.0054397499188780785, 'rag_search_latency': 0.00023597758263349533}
... Found context 'extra-leonardo': {'status': 'success', 'rag_context_key': 'extra-leonardo', 'rag_latency': 0.005810256116092205, 'rag_encode_latency': 0.005568232387304306, 'rag_search_latency': 0.00024202372878789902}
... Found context 'extra-leonardo': {'status': 'success', 'rag_context_key': 'extra-leonardo', 'rag_latency': 0.00593933742493391, 'rag_encode_latency': 0.005697005428373814, 'rag_search_latency': 0.00024233199656009674}
... Found context 'extra-leonardo': {'status': 'success', 'rag_context_key': 'extra-leonardo', 'rag_latency': 0.00581681914627552, 'rag_encode_latency': 0.005573826842010021, 'rag_search_latency': 0.00024299230426549911}
... Found context 'extra-leonardo': {'status': 'success', 'rag_context_key': 'extra-leonardo', 'rag_latency': 0.005861824378371239, 'rag_encode_latency': 0.005617893300950527, 'rag_search_latency': 0.00024393107742071152}
... Found context 'extra-leonardo': {'status': 'success', 'rag_context_key': 'extra-leonardo', 'rag_latency': 0.01123955100774765, 'rag_encode_latency': 0.010815939866006374, 'rag_search_latency': 0.0004236111417412758}
... Found context 'extra-leonardo': {'status': 'success', 'rag_context_key': 'extra-leonardo', 'rag_latency': 0.009455747902393341, 'rag_encode_latency': 0.009066583588719368, 'rag_search_latency': 0.0003891643136739731}
... Found context 'extra-leonardo': {'status': 'success', 'rag_context_key': 'extra-leonardo', 'rag_latency': 0.009646118618547916, 'rag_encode_latency': 0.00932205468416214, 'rag_search_latency': 0.0003240639343857765}
... Found context 'extra-leonardo': {'status': 'success', 'rag_context_key': 'extra-leonardo', 'rag_latency': 0.007398005574941635, 'rag_encode_latency': 0.007086905650794506, 'rag_search_latency': 0.00031109992414712906}
... Found context 'extra-leonardo': {'status': 'success', 'rag_context_key': 'extra-leonardo', 'rag_latency': 0.00701760221272707, 'rag_encode_latency': 0.006720652803778648, 'rag_search_latency': 0.0002969494089484215}
... Found context 'click': {'status': 'success', 'rag_context_key': 'click', 'rag_latency': 0.006880522705614567, 'rag_encode_latency': 0.006572267971932888, 'rag_search_latency': 0.00030825473368167877}
... Found context 'click': {'status': 'success', 'rag_context_key': 'click', 'rag_latency': 0.007076195441186428, 'rag_encode_latency': 0.006767068058252335, 'rag_search_latency': 0.0003091273829340935}
... Found context 'click': {'status': 'success', 'rag_context_key': 'click', 'rag_latency': 0.01008845679461956, 'rag_encode_latency': 0.009754687547683716, 'rag_search_latency': 0.0003337692469358444}
... Found context 'click': {'status': 'success', 'rag_context_key': 'click', 'rag_latency': 0.007534232921898365, 'rag_encode_latency': 0.007226747460663319, 'rag_search_latency': 0.0003074854612350464}
... Found context 'click': {'status': 'success', 'rag_context_key': 'click', 'rag_latency': 0.006860776804387569, 'rag_encode_latency': 0.006564471870660782, 'rag_search_latency': 0.00029630493372678757}
... Found context 'click': {'status': 'success', 'rag_context_key': 'click', 'rag_latency': 0.00651124119758606, 'rag_encode_latency': 0.0062373606488108635, 'rag_search_latency': 0.0002738805487751961}
... Found context 'click': {'status': 'success', 'rag_context_key': 'click', 'rag_latency': 0.00637268740683794, 'rag_encode_latency': 0.0061101894825696945, 'rag_search_latency': 0.0002624979242682457}
... Found context 'click': {'status': 'success', 'rag_context_key': 'SplitRPC-sigmetrics23', 'rag_latency': 0.006047363393008709, 'rag_encode_latency': 0.00579755287617445, 'rag_search_latency': 0.00024981051683425903}
... Found context 'click': {'status': 'success', 'rag_context_key': 'click', 'rag_latency': 0.010392740368843079, 'rag_encode_latency': 0.010041620582342148, 'rag_search_latency': 0.0003511197865009308}
... Found context 'click': {'status': 'success', 'rag_context_key': 'click', 'rag_latency': 0.004743292927742004, 'rag_encode_latency': 0.004550587385892868, 'rag_search_latency': 0.00019270554184913635}
... Found context 'click': {'status': 'success', 'rag_context_key': 'metron-nsdi18', 'rag_latency': 0.004954217933118343, 'rag_encode_latency': 0.004734118469059467, 'rag_search_latency': 0.00022009946405887604}
... Found context 'click': {'status': 'success', 'rag_context_key': 'click', 'rag_latency': 0.011378590948879719, 'rag_encode_latency': 0.010953609831631184, 'rag_search_latency': 0.00042498111724853516}
... Found context 'click': {'status': 'success', 'rag_context_key': 'click', 'rag_latency': 0.0092060137540102, 'rag_encode_latency': 0.008810000494122505, 'rag_search_latency': 0.0003960132598876953}
... Found context 'click': {'status': 'success', 'rag_context_key': 'SplitRPC-sigmetrics23', 'rag_latency': 0.008086209185421467, 'rag_encode_latency': 0.007727570831775665, 'rag_search_latency': 0.00035863835364580154}
... Found context 'click': {'status': 'success', 'rag_context_key': 'click', 'rag_latency': 0.006154762580990791, 'rag_encode_latency': 0.00589130911976099, 'rag_search_latency': 0.0002634534612298012}
... Found context 'click': {'status': 'success', 'rag_context_key': 'click', 'rag_latency': 0.006010148674249649, 'rag_encode_latency': 0.005758137442171574, 'rag_search_latency': 0.0002520112320780754}
... Found context 'click': {'status': 'success', 'rag_context_key': 'SplitRPC-sigmetrics23', 'rag_latency': 0.006174169480800629, 'rag_encode_latency': 0.005922229029238224, 'rag_search_latency': 0.00025194045156240463}
... Found context 'click': {'status': 'success', 'rag_context_key': 'metron-nsdi18', 'rag_latency': 0.006220507435500622, 'rag_encode_latency': 0.005947421304881573, 'rag_search_latency': 0.00027308613061904907}
... Found context 'click': {'status': 'success', 'rag_context_key': 'click', 'rag_latency': 0.006428482010960579, 'rag_encode_latency': 0.006166908890008926, 'rag_search_latency': 0.0002615731209516525}
... Found context 'click': {'status': 'success', 'rag_context_key': 'cacheblend', 'rag_latency': 0.006290135905146599, 'rag_encode_latency': 0.006017616018652916, 'rag_search_latency': 0.00027251988649368286}
... Found context 'osdi24-agrawal': {'status': 'success', 'rag_context_key': 'osdi24-agrawal', 'rag_latency': 0.006409706547856331, 'rag_encode_latency': 0.006130477413535118, 'rag_search_latency': 0.00027922913432121277}
... Found context 'osdi24-agrawal': {'status': 'success', 'rag_context_key': 'osdi24-agrawal', 'rag_latency': 0.0065738968551158905, 'rag_encode_latency': 0.006303838454186916, 'rag_search_latency': 0.00027005840092897415}
... Found context 'osdi24-agrawal': {'status': 'success', 'rag_context_key': 'osdi24-agrawal', 'rag_latency': 0.006731858476996422, 'rag_encode_latency': 0.006434102542698383, 'rag_search_latency': 0.0002977559342980385}
... Found context 'osdi24-agrawal': {'status': 'success', 'rag_context_key': 'osdi24-agrawal', 'rag_latency': 0.007072814740240574, 'rag_encode_latency': 0.006763585843145847, 'rag_search_latency': 0.00030922889709472656}
... Found context 'osdi24-agrawal': {'status': 'success', 'rag_context_key': 'osdi24-agrawal', 'rag_latency': 0.007322964258491993, 'rag_encode_latency': 0.0069883037358522415, 'rag_search_latency': 0.00033466052263975143}
... Found context 'osdi24-agrawal': {'status': 'success', 'rag_context_key': 'osdi24-agrawal', 'rag_latency': 0.010006406344473362, 'rag_encode_latency': 0.009666566736996174, 'rag_search_latency': 0.0003398396074771881}
... Found context 'osdi24-agrawal': {'status': 'success', 'rag_context_key': 'osdi24-agrawal', 'rag_latency': 0.007821067236363888, 'rag_encode_latency': 0.00749596580862999, 'rag_search_latency': 0.00032510142773389816}
... Found context 'osdi24-agrawal': {'status': 'success', 'rag_context_key': 'metron-nsdi18', 'rag_latency': 0.007447397336363792, 'rag_encode_latency': 0.00712246261537075, 'rag_search_latency': 0.000324934720993042}
... Found context 'osdi24-agrawal': {'status': 'success', 'rag_context_key': 'extra-estimate-performance', 'rag_latency': 0.007444038987159729, 'rag_encode_latency': 0.007114533334970474, 'rag_search_latency': 0.00032950565218925476}
... Found context 'osdi24-agrawal': {'status': 'success', 'rag_context_key': 'osdi24-agrawal', 'rag_latency': 0.006773478351533413, 'rag_encode_latency': 0.0064972080290317535, 'rag_search_latency': 0.0002762703225016594}
... Found context 'osdi24-agrawal': {'status': 'success', 'rag_context_key': 'osdi24-agrawal', 'rag_latency': 0.010194353759288788, 'rag_encode_latency': 0.009834757074713707, 'rag_search_latency': 0.00035959668457508087}
... Found context 'osdi24-agrawal': {'status': 'success', 'rag_context_key': 'osdi24-agrawal', 'rag_latency': 0.008435670286417007, 'rag_encode_latency': 0.008076288737356663, 'rag_search_latency': 0.0003593815490603447}
... Found context 'osdi24-agrawal': {'status': 'success', 'rag_context_key': 'cacheblend', 'rag_latency': 0.008520606905221939, 'rag_encode_latency': 0.008160234428942204, 'rag_search_latency': 0.00036037247627973557}
... Found context 'osdi24-agrawal': {'status': 'success', 'rag_context_key': 'osdi24-agrawal', 'rag_latency': 0.006667821668088436, 'rag_encode_latency': 0.00640091672539711, 'rag_search_latency': 0.00026690494269132614}
... Found context 'osdi24-agrawal': {'status': 'success', 'rag_context_key': 'osdi24-agrawal', 'rag_latency': 0.006034789606928825, 'rag_encode_latency': 0.00579422153532505, 'rag_search_latency': 0.00024056807160377502}
... Found context 'osdi24-agrawal': {'status': 'success', 'rag_context_key': 'osdi24-agrawal', 'rag_latency': 0.005883433856070042, 'rag_encode_latency': 0.005651158280670643, 'rag_search_latency': 0.0002322755753993988}
... Found context 'osdi24-agrawal': {'status': 'success', 'rag_context_key': 'osdi24-agrawal', 'rag_latency': 0.00583123043179512, 'rag_encode_latency': 0.005599961616098881, 'rag_search_latency': 0.00023126881569623947}
... Found context 'osdi24-agrawal': {'status': 'success', 'rag_context_key': 'metron-nsdi18', 'rag_latency': 0.0058838482946157455, 'rag_encode_latency': 0.005651136860251427, 'rag_search_latency': 0.00023271143436431885}
... Found context 'osdi24-agrawal': {'status': 'success', 'rag_context_key': 'metron-nsdi18', 'rag_latency': 0.005860261619091034, 'rag_encode_latency': 0.0056283557787537575, 'rag_search_latency': 0.00023190584033727646}
... Found context 'osdi24-agrawal': {'status': 'success', 'rag_context_key': 'metron-nsdi18', 'rag_latency': 0.005808459594845772, 'rag_encode_latency': 0.005574873648583889, 'rag_search_latency': 0.00023358594626188278}
... Found context 'metron-nsdi18': {'status': 'success', 'rag_context_key': 'metron-nsdi18', 'rag_latency': 0.005792760290205479, 'rag_encode_latency': 0.005562093108892441, 'rag_search_latency': 0.00023066718131303787}
... Found context 'metron-nsdi18': {'status': 'success', 'rag_context_key': 'metron-nsdi18', 'rag_latency': 0.005727479234337807, 'rag_encode_latency': 0.005494648590683937, 'rag_search_latency': 0.00023283064365386963}
... Found context 'metron-nsdi18': {'status': 'success', 'rag_context_key': 'metron-nsdi18', 'rag_latency': 0.005970362573862076, 'rag_encode_latency': 0.005732107907533646, 'rag_search_latency': 0.00023825466632843018}
... Found context 'metron-nsdi18': {'status': 'success', 'rag_context_key': 'metron-nsdi18', 'rag_latency': 0.006050758063793182, 'rag_encode_latency': 0.005810750648379326, 'rag_search_latency': 0.0002400074154138565}
... Found context 'metron-nsdi18': {'status': 'success', 'rag_context_key': 'metron-nsdi18', 'rag_latency': 0.006178257055580616, 'rag_encode_latency': 0.005930174142122269, 'rag_search_latency': 0.0002480829134583473}
... Found context 'metron-nsdi18': {'status': 'success', 'rag_context_key': 'metron-nsdi18', 'rag_latency': 0.006135378964245319, 'rag_encode_latency': 0.005897589959204197, 'rag_search_latency': 0.00023778900504112244}
... Found context 'metron-nsdi18': {'status': 'success', 'rag_context_key': 'metron-nsdi18', 'rag_latency': 0.006061998195946217, 'rag_encode_latency': 0.005809139460325241, 'rag_search_latency': 0.0002528587356209755}
... Found context 'metron-nsdi18': {'status': 'success', 'rag_context_key': 'metron-nsdi18', 'rag_latency': 0.007835197262465954, 'rag_encode_latency': 0.007566928863525391, 'rag_search_latency': 0.0002682683989405632}
... Found context 'metron-nsdi18': {'status': 'success', 'rag_context_key': 'metron-nsdi18', 'rag_latency': 0.00656643882393837, 'rag_encode_latency': 0.0063078878447413445, 'rag_search_latency': 0.0002585509791970253}
... Found context 'metron-nsdi18': {'status': 'success', 'rag_context_key': 'metron-nsdi18', 'rag_latency': 0.006495214067399502, 'rag_encode_latency': 0.006236501038074493, 'rag_search_latency': 0.0002587130293250084}
... Found context 'metron-nsdi18': {'status': 'success', 'rag_context_key': 'metron-nsdi18', 'rag_latency': 0.006901598535478115, 'rag_encode_latency': 0.006620871834456921, 'rag_search_latency': 0.00028072670102119446}
... Found context 'metron-nsdi18': {'status': 'success', 'rag_context_key': 'metron-nsdi18', 'rag_latency': 0.011031927540898323, 'rag_encode_latency': 0.010661539621651173, 'rag_search_latency': 0.0003703879192471504}
... Found context 'metron-nsdi18': {'status': 'success', 'rag_context_key': 'metron-nsdi18', 'rag_latency': 0.008803114295005798, 'rag_encode_latency': 0.008436375297605991, 'rag_search_latency': 0.000366738997399807}
... Found context 'metron-nsdi18': {'status': 'success', 'rag_context_key': 'metron-nsdi18', 'rag_latency': 0.008320938795804977, 'rag_encode_latency': 0.007972807623445988, 'rag_search_latency': 0.0003481311723589897}
... Found context 'metron-nsdi18': {'status': 'success', 'rag_context_key': 'metron-nsdi18', 'rag_latency': 0.006523041054606438, 'rag_encode_latency': 0.006272156722843647, 'rag_search_latency': 0.0002508843317627907}
... Found context 'metron-nsdi18': {'status': 'success', 'rag_context_key': 'metron-nsdi18', 'rag_latency': 0.00600364338606596, 'rag_encode_latency': 0.005773957818746567, 'rag_search_latency': 0.00022968556731939316}
... Found context 'metron-nsdi18': {'status': 'success', 'rag_context_key': 'metron-nsdi18', 'rag_latency': 0.005910024046897888, 'rag_encode_latency': 0.005681747570633888, 'rag_search_latency': 0.00022827647626399994}
... Found context 'metron-nsdi18': {'status': 'success', 'rag_context_key': 'metron-nsdi18', 'rag_latency': 0.00628564041107893, 'rag_encode_latency': 0.006041049025952816, 'rag_search_latency': 0.0002445913851261139}
... Found context 'metron-nsdi18': {'status': 'success', 'rag_context_key': 'metron-nsdi18', 'rag_latency': 0.006159946322441101, 'rag_encode_latency': 0.005884083919227123, 'rag_search_latency': 0.0002758624032139778}
... Found context 'metron-nsdi18': {'status': 'success', 'rag_context_key': 'extra-music', 'rag_latency': 0.006146958097815514, 'rag_encode_latency': 0.005899759009480476, 'rag_search_latency': 0.00024719908833503723}
... Found context 'osdi24-lee': {'status': 'success', 'rag_context_key': 'osdi24-lee', 'rag_latency': 0.006391926668584347, 'rag_encode_latency': 0.006139804609119892, 'rag_search_latency': 0.00025212205946445465}
... Found context 'osdi24-lee': {'status': 'success', 'rag_context_key': 'osdi24-agrawal', 'rag_latency': 0.006615579128265381, 'rag_encode_latency': 0.0063530458137393, 'rag_search_latency': 0.0002625333145260811}
... Found context 'osdi24-lee': {'status': 'success', 'rag_context_key': 'osdi24-lee', 'rag_latency': 0.006803499534726143, 'rag_encode_latency': 0.006531182676553726, 'rag_search_latency': 0.0002723168581724167}
... Found context 'osdi24-lee': {'status': 'success', 'rag_context_key': 'osdi24-lee', 'rag_latency': 0.007170980796217918, 'rag_encode_latency': 0.006889071315526962, 'rag_search_latency': 0.0002819094806909561}
... Found context 'osdi24-lee': {'status': 'success', 'rag_context_key': 'osdi24-lee', 'rag_latency': 0.006955915130674839, 'rag_encode_latency': 0.006683063693344593, 'rag_search_latency': 0.00027285143733024597}
... Found context 'osdi24-lee': {'status': 'success', 'rag_context_key': 'osdi24-lee', 'rag_latency': 0.010461376048624516, 'rag_encode_latency': 0.010098563507199287, 'rag_search_latency': 0.0003628125414252281}
... Found context 'osdi24-lee': {'status': 'success', 'rag_context_key': 'osdi24-lee', 'rag_latency': 0.008660566993057728, 'rag_encode_latency': 0.008297390304505825, 'rag_search_latency': 0.00036317668855190277}
... Found context 'osdi24-lee': {'status': 'success', 'rag_context_key': 'osdi24-lee', 'rag_latency': 0.008213046938180923, 'rag_encode_latency': 0.007867518812417984, 'rag_search_latency': 0.00034552812576293945}
... Found context 'osdi24-lee': {'status': 'success', 'rag_context_key': 'osdi24-lee', 'rag_latency': 0.009372608736157417, 'rag_encode_latency': 0.009028110653162003, 'rag_search_latency': 0.00034449808299541473}
... Found context 'osdi24-lee': {'status': 'success', 'rag_context_key': 'osdi24-lee', 'rag_latency': 0.00831543654203415, 'rag_encode_latency': 0.007970357313752174, 'rag_search_latency': 0.0003450792282819748}
... Found context 'osdi24-lee': {'status': 'success', 'rag_context_key': 'osdi24-lee', 'rag_latency': 0.008402085863053799, 'rag_encode_latency': 0.008054552599787712, 'rag_search_latency': 0.0003475332632660866}
... Found context 'osdi24-lee': {'status': 'success', 'rag_context_key': 'osdi24-lee', 'rag_latency': 0.01000386755913496, 'rag_encode_latency': 0.009672719985246658, 'rag_search_latency': 0.00033114757388830185}
... Found context 'osdi24-lee': {'status': 'success', 'rag_context_key': 'osdi24-lee', 'rag_latency': 0.008012311533093452, 'rag_encode_latency': 0.007682059891521931, 'rag_search_latency': 0.00033025164157152176}
... Found context 'osdi24-lee': {'status': 'success', 'rag_context_key': 'osdi24-agrawal', 'rag_latency': 0.008081023581326008, 'rag_encode_latency': 0.007748645730316639, 'rag_search_latency': 0.0003323778510093689}
... Found context 'osdi24-lee': {'status': 'success', 'rag_context_key': 'cacheblend', 'rag_latency': 0.006925453431904316, 'rag_encode_latency': 0.006654572673141956, 'rag_search_latency': 0.0002708807587623596}
... Found context 'osdi24-lee': {'status': 'success', 'rag_context_key': 'osdi24-lee', 'rag_latency': 0.010086758993566036, 'rag_encode_latency': 0.009739162400364876, 'rag_search_latency': 0.00034759659320116043}
... Found context 'osdi24-lee': {'status': 'success', 'rag_context_key': 'osdi24-agrawal', 'rag_latency': 0.008411278016865253, 'rag_encode_latency': 0.008065987378358841, 'rag_search_latency': 0.0003452906385064125}
... Found context 'osdi24-lee': {'status': 'success', 'rag_context_key': 'osdi24-lee', 'rag_latency': 0.008446975611150265, 'rag_encode_latency': 0.00810200534760952, 'rag_search_latency': 0.0003449702635407448}
... Found context 'osdi24-lee': {'status': 'success', 'rag_context_key': 'osdi24-lee', 'rag_latency': 0.00950878206640482, 'rag_encode_latency': 0.009173840284347534, 'rag_search_latency': 0.0003349417820572853}
... Found context 'osdi24-lee': {'status': 'success', 'rag_context_key': 'extra-compound-mape', 'rag_latency': 0.008014748804271221, 'rag_encode_latency': 0.0076797520741820335, 'rag_search_latency': 0.0003349967300891876}
... Found context 'sigcomm2023_janus': {'status': 'success', 'rag_context_key': 'sigcomm2023_janus', 'rag_latency': 0.008071331307291985, 'rag_encode_latency': 0.0077405646443367004, 'rag_search_latency': 0.0003307666629552841}
... Found context 'sigcomm2023_janus': {'status': 'success', 'rag_context_key': 'sigcomm2023_janus', 'rag_latency': 0.011097436770796776, 'rag_encode_latency': 0.010733107104897499, 'rag_search_latency': 0.00036432966589927673}
... Found context 'sigcomm2023_janus': {'status': 'success', 'rag_context_key': 'sigcomm2023_janus', 'rag_latency': 0.008783790282905102, 'rag_encode_latency': 0.008424336090683937, 'rag_search_latency': 0.0003594541922211647}
... Found context 'sigcomm2023_janus': {'status': 'success', 'rag_context_key': 'sigcomm2023_janus', 'rag_latency': 0.008503247983753681, 'rag_encode_latency': 0.008110574446618557, 'rag_search_latency': 0.0003926735371351242}
... Found context 'sigcomm2023_janus': {'status': 'success', 'rag_context_key': 'sigcomm2023_janus', 'rag_latency': 0.009405978955328465, 'rag_encode_latency': 0.009060144424438477, 'rag_search_latency': 0.00034583453088998795}
... Found context 'sigcomm2023_janus': {'status': 'success', 'rag_context_key': 'click', 'rag_latency': 0.008183158934116364, 'rag_encode_latency': 0.007839283905923367, 'rag_search_latency': 0.000343875028192997}
... Found context 'sigcomm2023_janus': {'status': 'success', 'rag_context_key': 'osdi24-agrawal', 'rag_latency': 0.00831407681107521, 'rag_encode_latency': 0.007969777099788189, 'rag_search_latency': 0.00034429971128702164}
... Found context 'sigcomm2023_janus': {'status': 'success', 'rag_context_key': 'osdi24-sun-biao', 'rag_latency': 0.01421406865119934, 'rag_encode_latency': 0.013842432759702206, 'rag_search_latency': 0.00037163589149713516}
... Found context 'sigcomm2023_janus': {'status': 'success', 'rag_context_key': 'sigcomm2023_janus', 'rag_latency': 0.007826081477105618, 'rag_encode_latency': 0.007507092319428921, 'rag_search_latency': 0.0003189891576766968}
... Found context 'sigcomm2023_janus': {'status': 'success', 'rag_context_key': 'sigcomm2023_janus', 'rag_latency': 0.006263100542128086, 'rag_encode_latency': 0.006028437986969948, 'rag_search_latency': 0.00023466255515813828}
... Found context 'sigcomm2023_janus': {'status': 'success', 'rag_context_key': 'metron-nsdi18', 'rag_latency': 0.005699832923710346, 'rag_encode_latency': 0.005464336834847927, 'rag_search_latency': 0.00023549608886241913}
... Found context 'sigcomm2023_janus': {'status': 'success', 'rag_context_key': 'sigcomm2023_janus', 'rag_latency': 0.0060229673981666565, 'rag_encode_latency': 0.005794619210064411, 'rag_search_latency': 0.00022834818810224533}
... Found context 'sigcomm2023_janus': {'status': 'success', 'rag_context_key': 'osdi24-agrawal', 'rag_latency': 0.0059438785538077354, 'rag_encode_latency': 0.005717328749597073, 'rag_search_latency': 0.00022654980421066284}
... Found context 'sigcomm2023_janus': {'status': 'success', 'rag_context_key': 'osdi24-agrawal', 'rag_latency': 0.005988224409520626, 'rag_encode_latency': 0.005760679021477699, 'rag_search_latency': 0.0002275453880429268}
... Found context 'sigcomm2023_janus': {'status': 'success', 'rag_context_key': 'sigcomm2023_janus', 'rag_latency': 0.0058286115527153015, 'rag_encode_latency': 0.005562318488955498, 'rag_search_latency': 0.00026629306375980377}
... Found context 'sigcomm2023_janus': {'status': 'success', 'rag_context_key': 'sigcomm2023_janus', 'rag_latency': 0.005877906456589699, 'rag_encode_latency': 0.005642893724143505, 'rag_search_latency': 0.0002350127324461937}
... Found context 'sigcomm2023_janus': {'status': 'success', 'rag_context_key': 'sigcomm2023_janus', 'rag_latency': 0.005821690894663334, 'rag_encode_latency': 0.005587806925177574, 'rag_search_latency': 0.00023388396948575974}
... Found context 'sigcomm2023_janus': {'status': 'success', 'rag_context_key': 'sigcomm2023_janus', 'rag_latency': 0.005706639960408211, 'rag_encode_latency': 0.0054743317887187, 'rag_search_latency': 0.00023230817168951035}
... Found context 'sigcomm2023_janus': {'status': 'success', 'rag_context_key': 'osdi24-sun-biao', 'rag_latency': 0.005819142796099186, 'rag_encode_latency': 0.005592643283307552, 'rag_search_latency': 0.0002264995127916336}
... Found context 'sigcomm2023_janus': {'status': 'success', 'rag_context_key': 'sigcomm2023_janus', 'rag_latency': 0.00582397636026144, 'rag_encode_latency': 0.00559577438980341, 'rag_search_latency': 0.0002282019704580307}
... Found context 'extra-distributed-monitoring': {'status': 'success', 'rag_context_key': 'extra-finance', 'rag_latency': 0.006050281226634979, 'rag_encode_latency': 0.005815149284899235, 'rag_search_latency': 0.00023513194173574448}
... Found context 'extra-distributed-monitoring': {'status': 'success', 'rag_context_key': 'extra-distributed-monitoring', 'rag_latency': 0.005827903747558594, 'rag_encode_latency': 0.005595500580966473, 'rag_search_latency': 0.00023240316659212112}
... Found context 'extra-distributed-monitoring': {'status': 'success', 'rag_context_key': 'extra-distributed-monitoring', 'rag_latency': 0.0059964414685964584, 'rag_encode_latency': 0.0057617127895355225, 'rag_search_latency': 0.00023472867906093597}
... Found context 'extra-distributed-monitoring': {'status': 'success', 'rag_context_key': 'extra-distributed-monitoring', 'rag_latency': 0.00594044104218483, 'rag_encode_latency': 0.005679938942193985, 'rag_search_latency': 0.0002605020999908447}
... Found context 'extra-distributed-monitoring': {'status': 'success', 'rag_context_key': 'SplitRPC-sigmetrics23', 'rag_latency': 0.006151579320430756, 'rag_encode_latency': 0.005917370319366455, 'rag_search_latency': 0.00023420900106430054}
... Found context 'extra-distributed-monitoring': {'status': 'success', 'rag_context_key': 'aplomb-sigcomm12', 'rag_latency': 0.005993044935166836, 'rag_encode_latency': 0.005762261338531971, 'rag_search_latency': 0.0002307835966348648}
... Found context 'extra-distributed-monitoring': {'status': 'success', 'rag_context_key': 'ServerlessLLM_summary', 'rag_latency': 0.0059674689546227455, 'rag_encode_latency': 0.005733559839427471, 'rag_search_latency': 0.00023390911519527435}
... Found context 'extra-distributed-monitoring': {'status': 'success', 'rag_context_key': 'extra-distributed-monitoring', 'rag_latency': 0.006148381158709526, 'rag_encode_latency': 0.005915517918765545, 'rag_search_latency': 0.00023286323994398117}
... Found context 'extra-distributed-monitoring': {'status': 'success', 'rag_context_key': 'extra-oss-monitoring', 'rag_latency': 0.006043669767677784, 'rag_encode_latency': 0.005807703360915184, 'rag_search_latency': 0.00023596640676259995}
... Found context 'extra-distributed-monitoring': {'status': 'success', 'rag_context_key': 'extra-distributed-monitoring', 'rag_latency': 0.006285248324275017, 'rag_encode_latency': 0.006034402176737785, 'rag_search_latency': 0.00025084614753723145}
... Found context 'extra-distributed-monitoring': {'status': 'success', 'rag_context_key': 'cacheblend', 'rag_latency': 0.006548062898218632, 'rag_encode_latency': 0.006296111270785332, 'rag_search_latency': 0.0002519516274333}
... Found context 'extra-distributed-monitoring': {'status': 'success', 'rag_context_key': 'extra-distributed-monitoring', 'rag_latency': 0.0064643193036317825, 'rag_encode_latency': 0.006209603510797024, 'rag_search_latency': 0.00025471579283475876}
... Found context 'extra-distributed-monitoring': {'status': 'success', 'rag_context_key': 'SplitRPC-sigmetrics23', 'rag_latency': 0.006501796655356884, 'rag_encode_latency': 0.00625267531722784, 'rag_search_latency': 0.0002491213381290436}
... Found context 'extra-distributed-monitoring': {'status': 'success', 'rag_context_key': 'ServerlessLLM_summary', 'rag_latency': 0.0063994694501161575, 'rag_encode_latency': 0.006155355833470821, 'rag_search_latency': 0.00024411361664533615}
... Found context 'extra-distributed-monitoring': {'status': 'success', 'rag_context_key': 'extra-distributed-monitoring', 'rag_latency': 0.006292209029197693, 'rag_encode_latency': 0.006014465354382992, 'rag_search_latency': 0.0002777436748147011}
... Found context 'extra-distributed-monitoring': {'status': 'success', 'rag_context_key': 'extra-distributed-monitoring', 'rag_latency': 0.006273988634347916, 'rag_encode_latency': 0.006032795645296574, 'rag_search_latency': 0.000241192989051342}
... Found context 'extra-distributed-monitoring': {'status': 'success', 'rag_context_key': 'extra-oss-monitoring', 'rag_latency': 0.006166854873299599, 'rag_encode_latency': 0.005924094468355179, 'rag_search_latency': 0.00024276040494441986}
... Found context 'extra-distributed-monitoring': {'status': 'success', 'rag_context_key': 'extra-distributed-monitoring', 'rag_latency': 0.006276960484683514, 'rag_encode_latency': 0.006038331426680088, 'rag_search_latency': 0.0002386290580034256}
... Found context 'extra-distributed-monitoring': {'status': 'success', 'rag_context_key': 'extra-oss-monitoring', 'rag_latency': 0.011395808309316635, 'rag_encode_latency': 0.011049863882362843, 'rag_search_latency': 0.00034594442695379257}
... Found context 'extra-distributed-monitoring': {'status': 'success', 'rag_context_key': 'extra-distributed-monitoring', 'rag_latency': 0.008268737234175205, 'rag_encode_latency': 0.007936401292681694, 'rag_search_latency': 0.0003323359414935112}
... Found context 'nsdi20-paper-barbette': {'status': 'success', 'rag_context_key': 'nsdi20-paper-barbette', 'rag_latency': 0.00797134730964899, 'rag_encode_latency': 0.0076375436037778854, 'rag_search_latency': 0.0003338037058711052}
... Found context 'nsdi20-paper-barbette': {'status': 'success', 'rag_context_key': 'nsdi20-paper-barbette', 'rag_latency': 0.010457119904458523, 'rag_encode_latency': 0.010111584328114986, 'rag_search_latency': 0.0003455355763435364}
... Found context 'nsdi20-paper-barbette': {'status': 'success', 'rag_context_key': 'nsdi20-paper-barbette', 'rag_latency': 0.008202524855732918, 'rag_encode_latency': 0.007870311848819256, 'rag_search_latency': 0.00033221300691366196}
... Found context 'nsdi20-paper-barbette': {'status': 'success', 'rag_context_key': 'nsdi20-paper-barbette', 'rag_latency': 0.00822534505277872, 'rag_encode_latency': 0.00788041390478611, 'rag_search_latency': 0.00034493114799261093}
... Found context 'nsdi20-paper-barbette': {'status': 'success', 'rag_context_key': 'metron-nsdi18', 'rag_latency': 0.00992687325924635, 'rag_encode_latency': 0.009566285647451878, 'rag_search_latency': 0.00036058761179447174}
... Found context 'nsdi20-paper-barbette': {'status': 'success', 'rag_context_key': 'nsdi20-paper-barbette', 'rag_latency': 0.008322788402438164, 'rag_encode_latency': 0.007976863533258438, 'rag_search_latency': 0.00034592486917972565}
... Found context 'nsdi20-paper-barbette': {'status': 'success', 'rag_context_key': 'nsdi22-paper-reda_1', 'rag_latency': 0.008371109142899513, 'rag_encode_latency': 0.008025401271879673, 'rag_search_latency': 0.00034570787101984024}
... Found context 'nsdi20-paper-barbette': {'status': 'success', 'rag_context_key': 'nsdi20-paper-barbette', 'rag_latency': 0.0096329590305686, 'rag_encode_latency': 0.009283755905926228, 'rag_search_latency': 0.00034920312464237213}
... Found context 'nsdi20-paper-barbette': {'status': 'success', 'rag_context_key': 'nsdi20-paper-barbette', 'rag_latency': 0.008116803131997585, 'rag_encode_latency': 0.0077752526849508286, 'rag_search_latency': 0.00034155044704675674}
... Found context 'nsdi20-paper-barbette': {'status': 'success', 'rag_context_key': 'nsdi20-paper-barbette', 'rag_latency': 0.00811720360070467, 'rag_encode_latency': 0.007772887125611305, 'rag_search_latency': 0.0003443164750933647}
... Found context 'nsdi20-paper-barbette': {'status': 'success', 'rag_context_key': 'metron-nsdi18', 'rag_latency': 0.007715982384979725, 'rag_encode_latency': 0.0073942095041275024, 'rag_search_latency': 0.00032177288085222244}
... Found context 'nsdi20-paper-barbette': {'status': 'success', 'rag_context_key': 'nsdi20-paper-barbette', 'rag_latency': 0.00698747206479311, 'rag_encode_latency': 0.006743051111698151, 'rag_search_latency': 0.00024442095309495926}
... Found context 'nsdi20-paper-barbette': {'status': 'success', 'rag_context_key': 'nsdi20-paper-barbette', 'rag_latency': 0.005772409960627556, 'rag_encode_latency': 0.005539788864552975, 'rag_search_latency': 0.00023262109607458115}
... Found context 'nsdi20-paper-barbette': {'status': 'success', 'rag_context_key': 'click', 'rag_latency': 0.0056901248171925545, 'rag_encode_latency': 0.005458399653434753, 'rag_search_latency': 0.00023172516375780106}
... Found context 'nsdi20-paper-barbette': {'status': 'success', 'rag_context_key': 'nsdi20-paper-barbette', 'rag_latency': 0.005816766992211342, 'rag_encode_latency': 0.005583608523011208, 'rag_search_latency': 0.00023315846920013428}
... Found context 'nsdi20-paper-barbette': {'status': 'success', 'rag_context_key': 'nsdi20-paper-barbette', 'rag_latency': 0.005979095585644245, 'rag_encode_latency': 0.005751262418925762, 'rag_search_latency': 0.00022783316671848297}
... Found context 'nsdi20-paper-barbette': {'status': 'success', 'rag_context_key': 'nsdi20-paper-barbette', 'rag_latency': 0.005767405033111572, 'rag_encode_latency': 0.005539260804653168, 'rag_search_latency': 0.00022814422845840454}
... Found context 'nsdi20-paper-barbette': {'status': 'success', 'rag_context_key': 'nsdi20-paper-barbette', 'rag_latency': 0.005913901142776012, 'rag_encode_latency': 0.005685192532837391, 'rag_search_latency': 0.00022870860993862152}
... Found context 'nsdi20-paper-barbette': {'status': 'success', 'rag_context_key': 'nsdi20-paper-barbette', 'rag_latency': 0.005887260660529137, 'rag_encode_latency': 0.005659761838614941, 'rag_search_latency': 0.00022749882191419601}
... Found context 'nsdi20-paper-barbette': {'status': 'success', 'rag_context_key': 'nsdi20-paper-barbette', 'rag_latency': 0.005757223814725876, 'rag_encode_latency': 0.0055288830772042274, 'rag_search_latency': 0.0002283407375216484}
... Found context 'extra-estimate-performance': {'status': 'success', 'rag_context_key': 'extra-estimate-performance', 'rag_latency': 0.006000032648444176, 'rag_encode_latency': 0.00576349813491106, 'rag_search_latency': 0.0002365345135331154}
... Found context 'extra-estimate-performance': {'status': 'success', 'rag_context_key': 'extra-estimate-performance', 'rag_latency': 0.005949526093900204, 'rag_encode_latency': 0.005722385831177235, 'rag_search_latency': 0.00022714026272296906}
... Found context 'extra-estimate-performance': {'status': 'success', 'rag_context_key': 'extra-estimate-performance', 'rag_latency': 0.005721911787986755, 'rag_encode_latency': 0.005494323559105396, 'rag_search_latency': 0.0002275882288813591}
... Found context 'extra-estimate-performance': {'status': 'success', 'rag_context_key': 'extra-estimate-performance', 'rag_latency': 0.0058097075670957565, 'rag_encode_latency': 0.005582309328019619, 'rag_search_latency': 0.00022739823907613754}
... Found context 'extra-estimate-performance': {'status': 'success', 'rag_context_key': 'extra-estimate-performance', 'rag_latency': 0.005944332107901573, 'rag_encode_latency': 0.005717686377465725, 'rag_search_latency': 0.00022664573043584824}
... Found context 'extra-estimate-performance': {'status': 'success', 'rag_context_key': 'extra-estimate-performance', 'rag_latency': 0.005945838056504726, 'rag_encode_latency': 0.005715969949960709, 'rag_search_latency': 0.0002298681065440178}
... Found context 'extra-estimate-performance': {'status': 'success', 'rag_context_key': 'extra-estimate-performance', 'rag_latency': 0.006152926944196224, 'rag_encode_latency': 0.00591758918017149, 'rag_search_latency': 0.0002353377640247345}
... Found context 'extra-estimate-performance': {'status': 'success', 'rag_context_key': 'extra-estimate-performance', 'rag_latency': 0.00593329593539238, 'rag_encode_latency': 0.005692864768207073, 'rag_search_latency': 0.00024043116718530655}
... Found context 'extra-estimate-performance': {'status': 'success', 'rag_context_key': 'extra-estimate-performance', 'rag_latency': 0.006136547774076462, 'rag_encode_latency': 0.005909282714128494, 'rag_search_latency': 0.00022726505994796753}
... Found context 'extra-estimate-performance': {'status': 'success', 'rag_context_key': 'extra-estimate-performance', 'rag_latency': 0.006042834371328354, 'rag_encode_latency': 0.005809558555483818, 'rag_search_latency': 0.00023327581584453583}
... Found context 'extra-estimate-performance': {'status': 'success', 'rag_context_key': 'extra-estimate-performance', 'rag_latency': 0.006079963408410549, 'rag_encode_latency': 0.005843600258231163, 'rag_search_latency': 0.00023636315017938614}
... Found context 'extra-estimate-performance': {'status': 'success', 'rag_context_key': 'extra-estimate-performance', 'rag_latency': 0.006132476031780243, 'rag_encode_latency': 0.005898347124457359, 'rag_search_latency': 0.0002341289073228836}
... Found context 'extra-estimate-performance': {'status': 'success', 'rag_context_key': 'extra-estimate-performance', 'rag_latency': 0.006143470294773579, 'rag_encode_latency': 0.005899424664676189, 'rag_search_latency': 0.00024404563009738922}
... Found context 'extra-estimate-performance': {'status': 'success', 'rag_context_key': 'extra-estimate-performance', 'rag_latency': 0.0062845321372151375, 'rag_encode_latency': 0.006042922846972942, 'rag_search_latency': 0.00024160929024219513}
... Found context 'extra-estimate-performance': {'status': 'success', 'rag_context_key': 'extra-estimate-performance', 'rag_latency': 0.012585840187966824, 'rag_encode_latency': 0.012063471600413322, 'rag_search_latency': 0.0005223685875535011}
... Found context 'extra-estimate-performance': {'status': 'success', 'rag_context_key': 'extra-estimate-performance', 'rag_latency': 0.009150740690529346, 'rag_encode_latency': 0.008732786402106285, 'rag_search_latency': 0.00041795428842306137}
... Found context 'extra-estimate-performance': {'status': 'success', 'rag_context_key': 'extra-estimate-performance', 'rag_latency': 0.008801422081887722, 'rag_encode_latency': 0.008437477052211761, 'rag_search_latency': 0.00036394502967596054}
... Found context 'extra-estimate-performance': {'status': 'success', 'rag_context_key': 'extra-estimate-performance', 'rag_latency': 0.009916044771671295, 'rag_encode_latency': 0.009520353749394417, 'rag_search_latency': 0.00039569102227687836}
... Found context 'extra-estimate-performance': {'status': 'success', 'rag_context_key': 'extra-estimate-performance', 'rag_latency': 0.008198951371014118, 'rag_encode_latency': 0.007863962091505527, 'rag_search_latency': 0.0003349892795085907}
... Found context 'extra-estimate-performance': {'status': 'success', 'rag_context_key': 'extra-estimate-performance', 'rag_latency': 0.008033002726733685, 'rag_encode_latency': 0.0076993294060230255, 'rag_search_latency': 0.000333673320710659}
... Found context 'SplitRPC-sigmetrics23': {'status': 'success', 'rag_context_key': 'SplitRPC-sigmetrics23', 'rag_latency': 0.010444031096994877, 'rag_encode_latency': 0.010096976533532143, 'rag_search_latency': 0.0003470545634627342}
... Found context 'SplitRPC-sigmetrics23': {'status': 'success', 'rag_context_key': 'SplitRPC-sigmetrics23', 'rag_latency': 0.008246351964771748, 'rag_encode_latency': 0.00791391171514988, 'rag_search_latency': 0.00033244024962186813}
... Found context 'SplitRPC-sigmetrics23': {'status': 'success', 'rag_context_key': 'SplitRPC-sigmetrics23', 'rag_latency': 0.008036605082452297, 'rag_encode_latency': 0.007702390663325787, 'rag_search_latency': 0.0003342144191265106}
... Found context 'SplitRPC-sigmetrics23': {'status': 'success', 'rag_context_key': 'SplitRPC-sigmetrics23', 'rag_latency': 0.006970643997192383, 'rag_encode_latency': 0.00669211708009243, 'rag_search_latency': 0.0002785269170999527}
... Found context 'SplitRPC-sigmetrics23': {'status': 'success', 'rag_context_key': 'extra-music', 'rag_latency': 0.010196282528340816, 'rag_encode_latency': 0.009817017242312431, 'rag_search_latency': 0.00037926528602838516}
... Found context 'SplitRPC-sigmetrics23': {'status': 'success', 'rag_context_key': 'SplitRPC-sigmetrics23', 'rag_latency': 0.008979082107543945, 'rag_encode_latency': 0.008613702841103077, 'rag_search_latency': 0.0003653792664408684}
... Found context 'SplitRPC-sigmetrics23': {'status': 'success', 'rag_context_key': 'click', 'rag_latency': 0.008195177651941776, 'rag_encode_latency': 0.0078485868871212, 'rag_search_latency': 0.0003465907648205757}
... Found context 'SplitRPC-sigmetrics23': {'status': 'success', 'rag_context_key': 'SplitRPC-sigmetrics23', 'rag_latency': 0.006266913376748562, 'rag_encode_latency': 0.006016110070049763, 'rag_search_latency': 0.00025080330669879913}
... Found context 'SplitRPC-sigmetrics23': {'status': 'success', 'rag_context_key': 'SplitRPC-sigmetrics23', 'rag_latency': 0.006072531454265118, 'rag_encode_latency': 0.005839812569320202, 'rag_search_latency': 0.00023271888494491577}
... Found context 'SplitRPC-sigmetrics23': {'status': 'success', 'rag_context_key': 'SplitRPC-sigmetrics23', 'rag_latency': 0.006135657429695129, 'rag_encode_latency': 0.005890661850571632, 'rag_search_latency': 0.000244995579123497}
... Found context 'SplitRPC-sigmetrics23': {'status': 'success', 'rag_context_key': 'SplitRPC-sigmetrics23', 'rag_latency': 0.006139155477285385, 'rag_encode_latency': 0.005887133069336414, 'rag_search_latency': 0.0002520224079489708}
... Found context 'SplitRPC-sigmetrics23': {'status': 'success', 'rag_context_key': 'SplitRPC-sigmetrics23', 'rag_latency': 0.006422313861548901, 'rag_encode_latency': 0.006171007640659809, 'rag_search_latency': 0.0002513062208890915}
... Found context 'SplitRPC-sigmetrics23': {'status': 'success', 'rag_context_key': 'osdi24-agrawal', 'rag_latency': 0.006263012997806072, 'rag_encode_latency': 0.006013032980263233, 'rag_search_latency': 0.00024998001754283905}
... Found context 'SplitRPC-sigmetrics23': {'status': 'success', 'rag_context_key': 'SplitRPC-sigmetrics23', 'rag_latency': 0.006439841352403164, 'rag_encode_latency': 0.00618576817214489, 'rag_search_latency': 0.0002540731802582741}
... Found context 'SplitRPC-sigmetrics23': {'status': 'success', 'rag_context_key': 'SplitRPC-sigmetrics23', 'rag_latency': 0.006383108906447887, 'rag_encode_latency': 0.006125221028923988, 'rag_search_latency': 0.0002578878775238991}
... Found context 'SplitRPC-sigmetrics23': {'status': 'success', 'rag_context_key': 'SplitRPC-sigmetrics23', 'rag_latency': 0.006790518760681152, 'rag_encode_latency': 0.006518644280731678, 'rag_search_latency': 0.00027187447994947433}
... Found context 'SplitRPC-sigmetrics23': {'status': 'success', 'rag_context_key': 'sigcomm24-crux', 'rag_latency': 0.006919806823134422, 'rag_encode_latency': 0.006644947454333305, 'rag_search_latency': 0.00027485936880111694}
... Found context 'SplitRPC-sigmetrics23': {'status': 'success', 'rag_context_key': 'SplitRPC-sigmetrics23', 'rag_latency': 0.011078311130404472, 'rag_encode_latency': 0.010809129104018211, 'rag_search_latency': 0.000269182026386261}
... Found context 'SplitRPC-sigmetrics23': {'status': 'success', 'rag_context_key': 'SplitRPC-sigmetrics23', 'rag_latency': 0.005249980837106705, 'rag_encode_latency': 0.0050374409183859825, 'rag_search_latency': 0.0002125399187207222}
... Found context 'SplitRPC-sigmetrics23': {'status': 'success', 'rag_context_key': 'extra-music', 'rag_latency': 0.004842191003262997, 'rag_encode_latency': 0.004638648591935635, 'rag_search_latency': 0.00020354241132736206}
... Found context 'extra-finance': {'status': 'success', 'rag_context_key': 'extra-music', 'rag_latency': 0.004753629676997662, 'rag_encode_latency': 0.004554434679448605, 'rag_search_latency': 0.000199194997549057}
... Found context 'extra-finance': {'status': 'success', 'rag_context_key': 'extra-finance', 'rag_latency': 0.005401961505413055, 'rag_encode_latency': 0.005177536979317665, 'rag_search_latency': 0.00022442452609539032}
... Found context 'extra-finance': {'status': 'success', 'rag_context_key': 'extra-finance', 'rag_latency': 0.011565867811441422, 'rag_encode_latency': 0.011112254112958908, 'rag_search_latency': 0.00045361369848251343}
... Found context 'extra-finance': {'status': 'success', 'rag_context_key': 'extra-finance', 'rag_latency': 0.010387368500232697, 'rag_encode_latency': 0.00995190255343914, 'rag_search_latency': 0.0004354659467935562}
... Found context 'extra-finance': {'status': 'success', 'rag_context_key': 'extra-finance', 'rag_latency': 0.007421365939080715, 'rag_encode_latency': 0.007115702144801617, 'rag_search_latency': 0.0003056637942790985}
... Found context 'extra-finance': {'status': 'success', 'rag_context_key': 'extra-finance', 'rag_latency': 0.006740046665072441, 'rag_encode_latency': 0.006460145115852356, 'rag_search_latency': 0.00027990154922008514}
... Found context 'extra-finance': {'status': 'success', 'rag_context_key': 'extra-finance', 'rag_latency': 0.0070487745106220245, 'rag_encode_latency': 0.006742569617927074, 'rag_search_latency': 0.0003062048926949501}
... Found context 'extra-finance': {'status': 'success', 'rag_context_key': 'extra-finance', 'rag_latency': 0.007351705804467201, 'rag_encode_latency': 0.007045372389256954, 'rag_search_latency': 0.00030633341521024704}
... Found context 'extra-finance': {'status': 'success', 'rag_context_key': 'extra-finance', 'rag_latency': 0.007651499472558498, 'rag_encode_latency': 0.00733188446611166, 'rag_search_latency': 0.0003196150064468384}
... Found context 'extra-finance': {'status': 'success', 'rag_context_key': 'extra-finance', 'rag_latency': 0.009635698981583118, 'rag_encode_latency': 0.009290830232203007, 'rag_search_latency': 0.0003448687493801117}
... Found context 'extra-finance': {'status': 'success', 'rag_context_key': 'extra-finance', 'rag_latency': 0.008105694316327572, 'rag_encode_latency': 0.007745119743049145, 'rag_search_latency': 0.0003605745732784271}
... Found context 'extra-finance': {'status': 'success', 'rag_context_key': 'extra-finance', 'rag_latency': 0.008346514776349068, 'rag_encode_latency': 0.008001234382390976, 'rag_search_latency': 0.00034528039395809174}
... Found context 'extra-finance': {'status': 'success', 'rag_context_key': 'extra-finance', 'rag_latency': 0.010279194451868534, 'rag_encode_latency': 0.009936721064150333, 'rag_search_latency': 0.0003424733877182007}
... Found context 'extra-finance': {'status': 'success', 'rag_context_key': 'extra-finance', 'rag_latency': 0.0077515048906207085, 'rag_encode_latency': 0.0074237072840332985, 'rag_search_latency': 0.00032779760658741}
... Found context 'extra-finance': {'status': 'success', 'rag_context_key': 'extra-finance', 'rag_latency': 0.007333661429584026, 'rag_encode_latency': 0.007020382210612297, 'rag_search_latency': 0.0003132792189717293}
... Found context 'extra-finance': {'status': 'success', 'rag_context_key': 'extra-finance', 'rag_latency': 0.007604866288602352, 'rag_encode_latency': 0.00727671105414629, 'rag_search_latency': 0.0003281552344560623}
... Found context 'extra-finance': {'status': 'success', 'rag_context_key': 'extra-finance', 'rag_latency': 0.009491659700870514, 'rag_encode_latency': 0.009162389673292637, 'rag_search_latency': 0.00032927002757787704}
... Found context 'extra-finance': {'status': 'success', 'rag_context_key': 'extra-finance', 'rag_latency': 0.007614510133862495, 'rag_encode_latency': 0.007302065379917622, 'rag_search_latency': 0.0003124447539448738}
... Found context 'extra-finance': {'status': 'success', 'rag_context_key': 'extra-estimate-performance', 'rag_latency': 0.007120305672287941, 'rag_encode_latency': 0.006805121898651123, 'rag_search_latency': 0.00031518377363681793}
... Found context 'extra-finance': {'status': 'success', 'rag_context_key': 'extra-finance', 'rag_latency': 0.007071482948958874, 'rag_encode_latency': 0.006759714335203171, 'rag_search_latency': 0.00031176861375570297}

(📝 Num of contexts: 22 contexts // Num of prompts: 440 promtps

# Accuracy: 76.81818181818181%
Plot saved to reports/rag_benchmark_22_rag_latency_vs_req_id.png
Multi-line RAG latency plot saved to reports/rag_benchmark_22_multi_rag_latency_vs_req_id.png
